{"Pressure (Pa)": [10.0, 20.0, 30.0, 40.0, 50.0, 60.0, 70.0, 80.0, 90.0, 100.0, 110.0, 120.0], "1mA": {"n": [3.9000990099009907, 3.8785148514851486, 3.8569306930693066, 3.835346534653465, 3.813762376237623, 3.792178217821781, 3.770594059405939, 3.749009900990097, 3.7274257425742547, 3.7058415841584127, 3.684257425742571, 3.662673267326729], "T": [4.260495049504949, 4.452574257425741, 4.644653465346533, 4.836732673267325, 5.028811881188116, 5.220891089108909, 5.4129702970297, 5.605049504950491, 5.797128712871284, 5.989207920792075, 6.181287128712867, 6.373366336633659], "E": [1.3520792079207922, 1.8188118811881187, 2.2855445544554454, 2.7522772277227716, 3.2190099009900983, 3.685742574257425, 4.152475247524751, 4.6192079207920775, 5.085940594059404, 5.552673267326731, 6.019405940594058, 6.486138613861384]}, "2mA": {"n": [8.170833333333334, 7.868333333333334, 7.565833333333334, 7.263333333333334, 6.960833333333333, 6.658333333333333, 6.355833333333333, 6.053333333333333, 5.750833333333333, 5.448333333333332, 5.145833333333332, 4.843333333333332], "T": [5.224166666666666, 5.081666666666666, 4.939166666666666, 4.796666666666665, 4.654166666666665, 4.511666666666665, 4.369166666666665, 4.226666666666665, 4.084166666666665, 3.941666666666664, 3.799166666666664, 3.6566666666666636], "E": [1.206666666666666, 1.7966666666666662, 2.3866666666666663, 2.976666666666666, 3.566666666666666, 4.156666666666666, 4.746666666666666, 5.336666666666666, 5.926666666666666, 6.516666666666666, 7.106666666666666, 7.696666666666666]}, "1.5mA": {"n": [6.035466171617163, 5.873424092409241, 5.71138201320132, 5.5493399339934, 5.387297854785478, 5.225255775577557, 5.063213696369636, 4.901171617161715, 4.739129537953794, 4.577087458745872, 4.415045379537951, 4.253003300330031], "T": [4.742330858085808, 4.767120462046204, 4.791910066006599, 4.8166996699669955, 4.84148927392739, 4.866278877887787, 4.891068481848182, 4.915858085808578, 4.940647689768975, 4.965437293729369, 4.990226897689766, 5.015016501650161], "E": [1.2793729372937293, 1.8077392739273925, 2.336105610561056, 2.864471947194719, 3.3928382838283824, 3.9212046204620457, 4.449570957095709, 4.977937293729372, 5.5063036303630355, 6.034669966996699, 6.563036303630362, 7.091402640264025]}}