{
    "1mA": {
        "Pressure (Pa)": [
            10.0,
            15.0,
            20.0,
            25.0,
            30.0,
            35.0,
            40.0,
            45.0,
            50.0,
            55.0,
            60.0,
            65.0,
            70.0,
            75.0,
            80.0,
            85.0,
            90.0,
            95.0,
            100.0,
            105.0,
            110.0,
            115.0,
            120.0
        ],
        "n": [
            265249999998176.8,
            284374999997128.1,
            303499999996079.44,
            322624999995030.7,
            341749999993982.0,
            360874999992933.25,
            379999999991884.56,
            399124999990835.9,
            418249999989787.1,
            437374999988738.4,
            456499999987689.7,
            475624999986641.06,
            494749999985592.3,
            513874999984543.56,
            532999999983494.8,
            552124999982446.1,
            571249999981397.5,
            590374999980348.8,
            609499999979300.0,
            628624999978251.2,
            647749999977202.5,
            666874999976153.9,
            685999999975105.2
        ],
        "T": [
            4.239020216815081,
            4.338932601486729,
            4.409821566557114,
            4.464807319683757,
            4.509733951228762,
            4.547718876965427,
            4.580622916299148,
            4.609646335900411,
            4.635608669425791,
            4.659094456876565,
            4.680535300970796,
            4.700258965570575,
            4.718520226707461,
            4.735521054097439,
            4.751424266041181,
            4.766363037379012,
            4.780447685642445,
            4.793770619975532,
            4.806410019167824,
            4.818432611379109,
            4.829895806618598,
            4.840849354809298,
            4.851336650712829
        ],
        "E": [
            1.8250851921800488,
            2.1323349313741686,
            2.350332090597186,
            2.5194238239501106,
            2.6575818297913054,
            2.7743927593297517,
            2.875578989014323,
            2.964831568985425,
            3.044670722367248,
            3.1168940217383287,
            3.182828728208442,
            3.243482778496105,
            3.2996396577468894,
            3.351920461561367,
            3.4008258874314596,
            3.4467654735249513,
            3.490078467402562,
            3.5310490448999765,
            3.569917620784385,
            3.6068893969410083,
            3.6421409201554655,
            3.6758251809796154,
            3.7080756266255794
        ]
    }
}