{
    "1.5mA": {
        "Pressure (Pa)": [
            10.0,
            15.0,
            20.0,
            25.0,
            30.0,
            35.0,
            40.0,
            45.0,
            50.0,
            55.0,
            60.0,
            65.0,
            70.0,
            75.0,
            80.0,
            85.0,
            90.0,
            95.0,
            100.0,
            105.0,
            110.0,
            115.0,
            120.0
        ],
        "n": [
            6.799829156270825,
            6.417062373443789,
            6.145485019073737,
            5.934833257585163,
            5.762718236246701,
            5.617197059188133,
            5.49114088187665,
            5.3799514534196655,
            5.280489120388076,
            5.190514495778364,
            5.108374099049613,
            5.032812258851045,
            4.962852921991043,
            4.89772233756104,
            4.836796744679562,
            4.7795659472848016,
            4.725607316222578,
            4.674566829807899,
            4.626144983190987,
            4.580086139164009,
            4.536170358581277,
            4.494207048274215,
            4.454029961852526
        ],
        "T": [
            5.237096344929869,
            5.072521352175305,
            4.955753536541858,
            4.865181382227245,
            4.791178543787294,
            4.728610035404288,
            4.674410728153847,
            4.62660355103273,
            4.583838573839234,
            4.54515294630418,
            4.5098357353992835,
            4.477347050745525,
            4.447267227016277,
            4.419263581084671,
            4.393067919765836,
            4.368460878378871,
            4.345260742644719,
            4.323315296856961,
            4.302495765451224,
            4.282692234261713,
            4.2638101379161695,
            4.245767528683636,
            4.228492927011272
        ],
        "E": [
            0.8234172879365187,
            1.526188532765516,
            2.0248126662088075,
            2.4115755915424875,
            2.7275839110378057,
            2.994765138194197,
            3.226208044481097,
            3.430355155866803,
            3.612970969814777,
            3.778167067744103,
            3.9289792893100945,
            4.06771308461415,
            4.196160516466488,
            4.315742214643775,
            4.427603422753386,
            4.532680876002107,
            4.631750534139092,
            4.725462391551051,
            4.814366348087066,
            4.898931761295485,
            4.979562446016393,
            5.056608336999481,
            5.130374667582384
        ]
    }
}