{
    "Neon": {
        "1mA": {
            "v_mean_mm": {
                "positive": [
                    9.20634423738942,
                    12.229476422949022,
                    3.910044567825907,
                    5.129900074176301,
                    6.418737100865283,
                    9.812753353303442,
                    10.466994062549556,
                    35.998520566180844,
                    22.741520102069067
                ],
                "negative": [
                    16.867847140311785,
                    34.8790711055457,
                    6.8771290333753825,
                    8.360321580085666,
                    8.88530384258083,
                    12.068857292708097,
                    15.240372418046956,
                    37.65441103324942,
                    22.741520102069067
                ]
            },
            "v_mean_error_mm": {
                "positive": [
                    1.52748426503718,
                    1.3220505379677998,
                    0.6280680776472155,
                    0.8067017389106429,
                    1.004314922381012,
                    1.1051315716304697,
                    1.1240598312949333,
                    16.90166950222058,
                    7.274717095937957
                ],
                "negative": [
                    1.8410701736837123,
                    2.578452222632879,
                    0.9995087156709939,
                    1.3495629921554504,
                    0.8769543560893216,
                    1.114716693579761,
                    1.9795505403548477,
                    11.697522113404114,
                    7.274717095937957
                ]
            },
            "pressure": [
                50.0,
                40.0,
                120.0,
                100.0,
                90.0,
                70.0,
                60.0,
                30.0,
                23.0
            ]
        },
        "1p5mA": {
            "v_mean_mm": {
                "positive": [
                    4.080907380417306,
                    6.100395968703948,
                    6.964864466528488,
                    7.47380306997803,
                    6.457224993881865,
                    30.333299188790097,
                    30.709980038643785,
                    31.770453548523086,
                    3.9131084115626087,
                    6.233491670752679
                ],
                "negative": [
                    7.887786381730048,
                    11.542492380538018,
                    13.635453432883713,
                    15.751009395318906,
                    29.781318993793732,
                    33.38190096405457,
                    34.257702186653624,
                    35.050902756734,
                    5.873605564621835,
                    7.028842483942041
                ]
            },
            "v_mean_error_mm": {
                "positive": [
                    1.9103306660878454,
                    0.8010227710811666,
                    1.4979089092103728,
                    1.9461615053069654,
                    1.3089173250522819,
                    5.429388322619324,
                    5.114150849235833,
                    4.829876853397715,
                    0.55656877603365,
                    1.049368475071918
                ],
                "negative": [
                    0.790314820089901,
                    0.8916034120425543,
                    1.7747225909941529,
                    1.8659982095729453,
                    5.05206523812777,
                    7.340850616901923,
                    4.978344638795081,
                    8.009198119833053,
                    1.4851684699405319,
                    0.8976002425292979
                ]
            },
            "pressure": [
                100.0,
                70.0,
                60.0,
                50.0,
                40.0,
                18.0,
                20.0,
                23.0,
                120.0,
                90.0
            ]
        }
    },
    "Argon": {
        "1p5mA": {
            "v_mean_mm": {
                "positive": [
                    11.692485127723234,
                    15.84884091622522,
                    3.351925131753327,
                    5.536416207133588,
                    10.905583122179587,
                    11.97591178739151,
                    12.444941424302273,
                    13.656109061062812,
                    13.844780373130662,
                    24.65913350221522,
                    23.027825446329786,
                    42.155048299138464,
                    52.588241570020315,
                    6.785469488057183
                ],
                "negative": [
                    25.355019023732638,
                    30.82837873385828,
                    7.090114051988191,
                    14.929076804055827,
                    16.18098462258627,
                    16.957446760214413,
                    22.481227682762274,
                    21.446439679257924,
                    24.783355978731656,
                    33.02986758114323,
                    39.13741221533932,
                    48.94907767668442,
                    11.02210798044175
                ]
            },
            "v_mean_error_mm": {
                "positive": [
                    2.505404596764007,
                    1.8571343723322309,
                    0.5003150471188618,
                    0.613511705076533,
                    0.972439112110258,
                    1.0612928308656546,
                    0.8225983811065498,
                    1.2201559235966222,
                    1.1304721734338115,
                    1.8047159128460506,
                    3.685103787508627,
                    3.5543372677602396,
                    5.4337679179045795,
                    0.5142787913660705
                ],
                "negative": [
                    3.294106303694361,
                    4.061502176378135,
                    0.9029009395024402,
                    0.9417343117067651,
                    0.9678540565272181,
                    1.1113215726056787,
                    2.1582344394797635,
                    2.7970624769180628,
                    1.6177655004324305,
                    1.7856173827784338,
                    3.4969906772344466,
                    7.100353588839614,
                    0.5307820394441434
                ]
            },
            "pressure": [
                40.0,
                30.0,
                120.0,
                100.0,
                90.0,
                80.0,
                70.0,
                60.0,
                50.0,
                23.0,
                23.0,
                15.0,
                12.0,
                100.0
            ]
        },
        "1mA": {
            "v_mean_mm": {
                "positive": [
                    13.704965172538625,
                    16.80163665120108,
                    4.224946504847101,
                    4.670302632567216,
                    12.024833867260856,
                    13.900755017834056,
                    14.891583500045778,
                    16.044912570480474,
                    26.708625102062893,
                    24.18585288195515,
                    5.576302082464833
                ],
                "negative": [
                    26.35838307920941,
                    29.558585593566303,
                    9.623565254300862,
                    9.187077121293372,
                    16.886912716955905,
                    17.30098759027167,
                    19.085103267203525,
                    21.378003374207992,
                    22.51696683771682,
                    21.1873621093667,
                    10.366362354331839
                ]
            },