{
"x": [0.05136680531178887, 0.06476117362231928, 0.08131110483280239, 0.09674398620746981, 0.12146723050966628, 0.1537759032516478, 0.1814547732198104, 0.21949797790789127, 0.2733201622223734, 0.3503417017657898, 0.4255503624553398, 0.5500030978788808, 0.6792228319853345, 0.8457722316752936, 1.023094026843178, 1.212251310092945, 1.3896126312692905, 1.5797953767943762, 1.75196694314849, 1.9268902128734322], 
"y": [73.85411312608304, 94.78111026377029, 121.6378950688433, 146.66592459775038, 186.92469773188748, 239.89090975206477, 285.2691684555093, 343.9657215958805, 432.3478897044456, 539.686905408624, 641.7751922795413, 768.4818450847957, 846.776110474566, 888.8655809602927, 858.5940620955619, 779.2070901105872, 687.827195990092, 570.4518791314581, 486.40413012432685, 409.03098611893773]
}
