{"pressure": 12, "current": "1p5mA", "polarity": "neg", "alpha": 0.01, "epsilon": 3.5, "iterations": 80, "framerate": 0.01, "pixelsize": 1.47e-05, "x": [664.9444444444445, 658.0300925925926, 679.208279236992, 633.0327380952381, 376.7405303030303, 568.4703832752613, 670.9901315789474, 764.9157509157509, 657.9020310633214, 549.7166666666667, 657.9848484848485, 828.1741346508788, 454.41510221109723, 719.3227513227513, 854.1178104575164, 803.7600907029479, 838.1438703140831, 738.4629629629629, 706.3162393162394, 790.8857142857142, 651.2333333333333, 840.0392156862745, 931.6636904761905, 889.2234432234432, 628.2453260373917, 869.5793103448276, 699.7878787878789, 976.5333333333333, 1190.9133333333332, 947.1333333333333, 978.1649958228905, 991.9734848484849, 1385.861161856047, 1148.15873015873, 887.3334940965633, 1449.638888888889], "y": [20.384006734006732, 55.254629629629626, 52.58260927460967, 55.76190476190476, 26.44128787878788, 60.80836236933798, 45.176535087719294, 49.10683760683761, 81.27956989247312, 88.91190476190475, 88.65656565656566, 26.69564414913252, 55.04276178556529, 23.07804232804233, 97.72598039215687, 25.5343537414966, 81.75633232016212, 95.96031746031747, 52.989316239316246, 95.28888888888889, 27.03333333333333, 79.70868347338936, 82.27976190476191, 10.133699633699633, 19.645006839945278, 50.4183908045977, 28.6969696969697, 59.4, 14.636666666666665, 55.07037037037037, 60.66317308422572, 61.24715909090909, 132.85377339341534, 139.02350427350427, 31.62955935062197, 75.12222222222222], "velocity": [0.04332106160664538, 0.04736558492182347, 0.044513291153396695, 0.043159702125765184, 0.043637290643186374, 0.044315390441517125, 0.04793552116971589, 0.057330001219800544, 0.061385965989961946, 0.05821235919078957, 0.03566992912982701, 0.04914238862106513, 0.05140474973376485, 0.04464936479048923, 0.039363645210934065, 0.04725448639351268, 0.06084566081406856, 0.05722323252857875, 0.05168229274348568, 0.046018204340321625, 0.053445405185608974, 0.04161927726268716, 0.044586207739812284, 0.0538808495652806, 0.0476701366179647, 0.04900903630527649, 0.0589257518744574, 0.03941864934192546, 0.035016061242971006, 0.043808142954758884, 0.04864579817127901, 0.04602703202310325, 0.054935351297482254, 0.052220450023295, 0.05443727566973122, 0.06409124831635557], "pid": [692, 880, 882, 883, 1071, 1470, 1588, 1588, 1878, 1883, 1883, 1944, 1971, 2199, 2286, 2345, 2563, 2590, 2699, 2747, 2827, 2888, 2888, 2960, 2975, 3019, 3155, 3868, 4334, 4573, 4582, 4584, 4827, 5005, 5233, 6530], "x_raw": [1023.0, 1022.8, 1023.0, 1023.0, 1022.4615384615385, 1015.1333333333333, 1015.3333333333334, 1015.2857142857143, 636.0, 1015.1538461538462, 664.0, 694.8333333333334, 625.2777777777778, 647.8421052631579, 603.7857142857143, 726.4909090909091, 681.4117647058823, 659.3125, 632.8125, 756.6470588235294, 346.27272727272725, 708.3709677419355, 662.5, 689.5, 378.3125, 748.0, 698.304347826087, 728.0, 405.6363636363636, 766.0, 713.9230769230769, 443.6363636363636, 540.0, 465.90909090909093, 637.8125, 565.1428571428571, 672.1578947368421, 600.2682926829268, 703.0, 624.875, 615.3333333333334, 506.5, 795.7857142857143, 726.2857142857143, 418.1276595744681, 659.8888888888889, 557.0, 826.3956043956044, 764.4615384615385, 457.05882352941177, 698.483870967742, 585.65, 809.0, 687.1111111111111, 862.3410852713179, 804.0, 488.05882352941177, 733.0, 632.0, 827.875, 809.3636363636364, 723.0, 774.3469387755102, 901.8333333333334, 1406.7777777777778, 523.6451612903226, 661.4545454545455, 853.0666666666667, 809.1538461538462, 747.8571428571429, 798.3333333333334, 1407.0, 796.8571428571429, 680.5, 701.6666666666666, 881.4117647058823, 809.0, 788.0, 838.6, 1452.3333333333333, 670.6153846153846, 838.0, 756.5238095238095, 734.2222222222222, 915.0, 826.4285714285714, 882.0, 614.5, 1483.7777777777778, 707.5, 812.5, 879.5744680851063, 779.5, 797.0, 851.0, 597.4418604651163, 652.0, 43.0, 836.5, 740.8333333333334, 838.5, 905.7857142857143, 803.9230769230769, 819.1333333333333, 91.84615384615384, 892.3846153846154, 625.0, 660.5, 687.2, 48.333333333333336, 773.7142857142857, 869.1, 869.1176470588235, 847.0, 92.06666666666666, 924.2857142857143, 662.2941176470588, 720.3333333333334, 698.3636363636364, 70.93333333333334, 903.1379310344828, 902.0, 91.84615384615384, 952.7631578947369, 702.4736842105264, 740.5, 68.6, 932.3333333333334, 930.4285714285714, 91.83333333333333, 764.4054054054054, 962.5625, 91.93333333333334, 950.0, 91.84615384615384, 976.0, 1003.6, 1167.1, 1037.6153846153845, 1191.0, 913.0666666666667, 941.9473684210526, 958.7727272727273, 1214.64, 955.6666666666666, 984.5, 995.875, 1351.1176470588234, 1259.1666666666667, 972.6666666666666, 1008.047619047619, 1021.2727272727273, 1380.608695652174, 1116.3333333333333, 1082.25, 1003.6153846153846, 1044.857142857143, 1058.8947368421052, 1425.857142857143, 1141.0, 1111.40625, 846.752688172043, 1099.9714285714285, 1447.56, 1187.142857142857, 1152.6190476190477, 894.435294117647, 1213.0, 1176.4, 920.8125, 1394.909090909091, 91.78571428571429, 952.9166666666666, 1428.391304347826, 92.0, 966.0, 1468.24, 91.94117647058823, 1493.1290322580646, 92.0, 1405.0, 1427.7666666666667, 1451.75, 1474.25, 1492.1666666666667, 1514.5, 1525.6470588235295, 1541.5, 645.2, 653.6666666666666, 1307.1764705882354, 676.1333333333333, 665.952380952381, 1349.2777777777778, 1378.6835443037974, 690.8571428571429, 704.1176470588235, 1381.3636363636363, 1422.9733333333334, 714.0, 726.1875, 1416.3333333333333, 1466.9367088607594, 1484.5625, 1270.5, 1281.2, 1310.8, 1314.3809523809523, 809.0, 1355.5, 1357.0, 1369.4166666666667, 809.3333333333334, 1392.2727272727273, 1391.6666666666667, 1409.0, 809.0, 1435.6666666666667, 1424.9411764705883, 1441.5, 809.4, 1485.8125, 809.0, 809.3333333333334, 347.125, 809.2, 347.125, 1099.7142857142858, 809.0, 346.8, 1133.0, 1131.5, 1022.8, 1100.0, 346.8, 1133.0, 1131.6363636363637, 1023.0, 1100.0, 1100.8, 1133.0588235294117, 1131.5, 1022.8666666666667, 1100.0, 1101.0, 1132.842105263158, 1131.909090909091, 1022.8181818181819, 1100.0, 1101.0, 809.0, 1131.5, 1100.0, 1101.3333333333333, 809.0, 947.8888888888889, 1131.875, 809.125, 947.75, 1131.5, 809.7142857142857, 947.75, 1132.1666666666667, 808.8, 947.8888888888889, 1131.3846153846155, 1099.7142857142858, 809.2, 1099.6153846153845, 1329.5, 947.8888888888889, 1100.0, 948.2, 1304.0, 1099.7142857142858, 947.75, 1326.64, 947.8888888888889, 1384.8846153846155],