{
    "pos": {
        "P": [
            15.0,
            23.0,
            30.0,
            40.0,
            60.0,
            70.0,
            80.0,
            90.0,
            100.0,
            110.0,
            120.0
        ],
        "F_i": [
            1.727085127898516e-13,
            9.177097014059538e-14,
            7.59251629917489e-14,
            6.754212815883219e-14,
            1.6734893055782467e-14,
            6.508467722797497e-15,
            -2.7552065271043337e-15,
            -1.1806912577342422e-14,
            3.773822803589681e-14,
            2.8014578434977646e-14,
            1.1410469007712077e-14
        ],
        "F_i_error": [
            4.564856197776014e-15,
            1.2713295340653442e-14,
            5.022483507671672e-15,
            5.0515120170355786e-15,
            6.408849802369254e-15,
            6.295554593849234e-15,
            5.651671195156123e-15,
            4.792817370444569e-15,
            4.817037304930739e-15,
            5.127459654050469e-15,
            8.202542741124915e-15
        ],
        "textbook_var": [
            4.3668093333146775e-17,
            4.2886738577221066e-17,
            4.3345333070502414e-17,
            4.52622274126764e-17,
            5.4562477078357264e-17,
            5.939915288883994e-17,
            6.231123297377956e-17,
            6.460158443963463e-17,
            7.030112968690511e-17,
            7.343911812518863e-17,
            7.580723584329446e-17
        ],
        "textbook_x": [
            0.910841640063269,
            0.638494115009268,
            0.5053897749923142,
            0.3885804964848652,
            0.26440474881831766,
            0.22751009889202234,
            0.19941999526466855,
            0.17732397211499717,
            0.1594915483682337,
            0.14479922610512672,
            0.1324859793436745
        ],
        "textbook_y": [
            3955.027563769431,
            2139.8449307436676,
            1751.6340886861906,
            1492.2404843893287,
            306.7106544988685,
            109.57172630016284,
            -44.21685137034151,
            -182.765061875148,
            536.8082732662865,
            381.4667053493528,
            150.5195233776802
        ],
        "textbook_y_error": [
            104.53527620156034,
            296.4388471219866,
            115.8713788057058,
            111.60546676102871,
            117.45892315639361,
            105.98727907165252,
            90.70067988438512,
            74.19039969403691,
            68.52005545834069,
            69.81918880493501,
            108.20263593413254
        ],
        "F_n/F_e": [
            -0.19210261102161266,
            -0.4310831139775625,
            -0.429058699487907,
            -0.4788296466365756,
            -0.8668768462751645,
            -0.9477261420959183,
            -1.0223768340240238,
            -1.1066570769032764,
            -0.625838366052374,
            -0.6748844899551241,
            -0.8341526847798607
        ],
        "F_n/F_i": [
            0.23778095293083285,
            0.7577259957802712,
            0.7514935407599213,
            0.9187584127654252,
            6.511841268927504,
            18.130021010404867,
            -45.68907437604426,
            -10.375842926080432,
            1.6726417389442365,
            2.075829879238826,
            5.029642377222923
        ],
        "F_e/F_i": [
            1.2377809529308328,
            1.757725995780271,
            1.7514935407599213,
            1.9187584127654254,
            7.511841268927504,
            19.130021010404867,
            -44.68907437604426,
            -9.375842926080432,
            2.6726417389442365,
            3.075829879238826,
            6.029642377222923
        ],
        "z": [
            0.8233319359781105,
            0.6540543829655496,
            0.5565682632522954,
            0.5573127330413984,
            0.5492339162579052,
            0.5464423369891108,
            0.5475063368643485,
            0.5073628317133321,
            0.48969166171973033,
            0.4620663129347185,
            0.4353999005314672
        ],
        "dz": [
            0.017581038399714477,
            0.05154843656436016,
            0.021020482700162855,
            0.021723275923931244,
            0.02800064901522729,
            0.027630206582360768,
            0.02513104335737354,
            0.021966600849019493,
            0.023387320528234428,
            0.027495407213792518,
            0.05190889419231839
        ]
    },
    "neg": {
        "P": [
            15.0,
            23.0,
            30.0,
            40.0,
            60.0,
            70.0,
            80.0,
            90.0,
            100.0,
            110.0,
            120.0
        ],
        "F_i": [
            2.8979368824958773e-13,
            1.8719673428149808e-13,
            1.0227430741666247e-13,
            7.81474208264497e-14,
            4.644389237936564e-14,
            3.862418338701473e-14,
            3.10584066458907e-14,
            -3.2779055541505566e-15,
            3.646889965319788e-14,
            1.7008429525460344e-14,
            -2.5818640464844823e-14
        ],
        "F_i_error": [
            7.362011906115482e-15,
            1.0443049242977064e-14,
            2.1063885974855382e-14,
            1.35601223592806e-14,
            1.3385172729954003e-14,
            1.0358284695327522e-14,
            8.241145711973086e-15,
            1.2224064703844601e-14,
            5.4023151980163145e-15,
            7.573589863385521e-15,
            1.735747048656023e-14
        ],
        "textbook_var": [
            4.724963314151482e-17,
            4.562994342136665e-17,
            4.5611163427326046e-17,
            4.717549264591336e-17,
            5.721351035208118e-17,
            6.24446265632801e-17,
            6.523555221018081e-17,
            6.724587706720256e-17,
            7.355526795870639e-17,
            7.663518798270724e-17,
            7.874876714959173e-17
        ],
        "textbook_x": [
            1.0683074529312353,
            0.7585035006742146,
            0.6045405229870559,
            0.46775937563733105,
            0.3204582524814396,
            0.2762960579930683,
            0.24254854596148898,
            0.2159268104922425,
            0.19439361507089384,
            0.17661994548524615,
            0.1617020365737068
        ],
        "textbook_y": [
            6133.247371077831,
            4102.497619881805,
            2242.308674708987,
            1656.525802772286,
            811.7644258070982,
            618.5349406785831,
            476.09632468235094,
            -48.74507846592235,
            495.8026891244739,
            221.9402075362339,
            -327.8608846764489
        ],
        "textbook_y_error": [
            155.8109855385738,
            228.86395335934185,
            461.81426633454004,
            287.43997356973574,
            233.95125814836686,
            165.87952023110668,
            126.32905574894411,
            181.7816234537087,
            73.44565994986452,
            98.82653207681182,
            220.41577430142942
        ],
        "F_n/F_e": [
            -0.11043235783063307,
            -0.23848290574298198,
            -0.4953238727387465,
            -0.6043086473589862,
            -0.7576509808317933,
            -0.7965559844708245,
            -0.8345608925709677,
            -1.01942316613418,
            -0.7629024183620775,
            -0.8705635727926572,
            -1.2461136066350673
        ],