{
    "pos": {
        "P": [
            12.0,
            15.0,
            23.0,
            30.0,
            40.0,
            50.0,
            60.0,
            70.0,
            80.0,
            90.0,
            100.0,
            100.0,
            120.0
        ],
        "F_i": [
            1.4282723357248862e-13,
            1.1648185264432171e-13,
            8.336109525097377e-14,
            6.517169813867485e-14,
            6.379697562244133e-14,
            -2.5350571116349075e-14,
            1.839039069977087e-14,
            1.1816025621104582e-14,
            -1.91493118978753e-16,
            -1.4898516901034522e-14,
            2.3366018211802668e-14,
            9.227004805796006e-15,
            1.0138246499202037e-14
        ],
        "F_i_error": [
            7.38108952850167e-15,
            6.2571868610260146e-15,
            4.698668712823856e-15,
            6.3067080135472715e-15,
            1.1344255596502091e-14,
            6.398350438453341e-15,
            8.287140936883555e-15,
            6.5181452233465054e-15,
            9.61088452669531e-15,
            9.907020675080292e-15,
            5.821524859350304e-15,
            6.944820013126179e-15,
            6.7961499479442796e-15
        ],
        "textbook_var": [
            3.436767749312487e-17,
            3.2383882968986115e-17,
            3.10928780397075e-17,
            3.094753670439851e-17,
            3.178430225546423e-17,
            3.472194492196926e-17,
            3.7792150323605197e-17,
            4.090591370808816e-17,
            4.2518534229088316e-17,
            4.36515182531703e-17,
            4.731062356983822e-17,
            4.731062356983822e-17,
            5.0117460374988596e-17
        ],
        "textbook_x": [
            1.2094240989785658,
            1.0210940639202741,
            0.7222454317950598,
            0.574439185347727,
            0.4436014264617372,
            0.36058674465172197,
            0.3032467511097027,
            0.2612822451497853,
            0.22925033364452418,
            0.20400401006980287,
            0.18359747033573626,
            0.18359747033573626,
            0.15264028893016499
        ],
        "textbook_y": [
            4155.859341995417,
            3596.908151992638,
            2681.035031382961,
            2105.876753978036,
            2007.1850283098038,
            -730.1022789281965,
            486.6193255027388,
            288.858616028622,
            -4.503756360626052,
            -341.3058124261802,
            493.8852301811369,
            195.03029361207717,
            202.28970948140037
        ],
        "textbook_y_error": [
            214.76835407275425,
            193.21916605919344,
            151.11720139973437,
            203.78707597270292,
            356.9137842109412,
            184.27396428490326,
            219.28206958118915,
            159.34481429411755,
            226.03988356965021,
            226.95706980044775,
            123.04899872555646,
            146.79197797666922,
            135.6044360008301
        ],
        "F_n/F_e": [
            -0.333398324827525,
            -0.3806125607380282,
            -0.4183373674372791,
            -0.45230799629770424,
            -0.45351012551274666,
            -1.221950047643966,
            -0.8364169446896124,
            -0.8929977851831935,
            -1.0017688213289089,
            -1.15486147375779,
            -0.7284191275396201,
            -0.8927554539828089,
            -0.8178864836837556
        ],
        "F_n/F_i": [
            0.5001462451189645,
            0.6144983521001739,
            0.7192096311811291,
            0.8258437100417507,
            0.8298600700301256,
            -5.505518293936649,
            5.113102595513748,
            8.345600945850077,
            -566.3482257684569,
            -7.457383981532055,
            2.682144441692546,
            8.32448350184355,
            4.491080619537743
        ],
        "F_e/F_i": [
            1.5001462451189647,
            1.614498352100174,
            1.7192096311811291,
            1.8258437100417508,
            1.8298600700301255,
            -4.505518293936649,
            6.113102595513748,
            9.345600945850077,
            -565.3482257684569,
            -6.457383981532055,
            3.682144441692546,
            9.32448350184355,
            5.491080619537743
        ],
        "z": [
            0.741239541491593,
            0.6630373333457246,
            0.5260599823145331,
            0.44752320968202675,
            0.44824895290152417,
            0.44307226470022687,
            0.43911422741645384,
            0.43604558716687375,
            0.43722684425192915,
            0.4054763973617726,
            0.39032363028733147,
            0.39032363028733147,
            0.3474854929818628
        ],
        "dz": [
            0.025534915683943664,
            0.02206079870286088,
            0.01724716999694864,
            0.023718960477255344,
            0.04355894127638665,
            0.024820474656814633,
            0.03236902313441225,
            0.025738146654933968,
            0.038815123399481975,
            0.04175504907841694,
            0.026410466294156026,
            0.03150651063201314,
            0.0424208107153391
        ]
    },
    "neg": {
        "P": [
            12.0,
            15.0,
            23.0,
            30.0,
            40.0,
            50.0,
            60.0,
            70.0,
            80.0,
            90.0,
            100.0,
            100.0,
            120.0
        ],
        "F_i": [
            2.3033856863791025e-13,
            1.9406923403965706e-13,
            1.126698219507865e-13,
            6.027907901687544e-14,
            4.700912084966936e-14,
            1.8304216355637056e-14,
            1.0600937114931381e-14,
            -2.451978864310823e-14,
            -3.002752785264403e-15,
            -3.108215806048161e-14,
            -4.984434485852936e-15,
            -4.921047785614257e-14,
            -1.8801939691940915e-14
        ],
        "F_i_error": [
            9.644936315839841e-15,
            5.937776893256801e-15,
            4.648944728538639e-15,
            1.3792598265593536e-14,
            1.4915428797178627e-14,
            9.156378053574953e-15,
            1.899728592650891e-14,
            1.710152344772823e-14,
            1.0063936168895745e-14,
            9.860309019932038e-15,
            6.008338063704554e-15,
            1.0660229040247718e-14,
            1.226477238359081e-14
        ],
        "textbook_var": [
            4.686967425210566e-17,
            4.3487936225047135e-17,
            4.0500042551357116e-17,
            3.972862071744754e-17,
            4.023721090892457e-17,
            4.3231760133244806e-17,
            4.6481936859893624e-17,
            4.9844820527946924e-17,
            5.168688423634888e-17,
            5.3072176013786185e-17,
            5.710154038705588e-17,
            5.710154038705588e-17,
            6.053931173159942e-17
        ],
        "textbook_x": [
            1.5235203820691743,
            1.300664937329923,
            0.9396141459388417,
            0.7563481034575374,
            0.5907600579890436,
            0.48381706991181234,
            0.40902003539470244,
            0.3537753650756105,
            0.31131233504968225,
            0.2776625961627538,
            0.250345576322502,
            0.250345576322502,
            0.2087033045857776
        ],