{
    "pos": {
        "P": [
            15.0,
            23.0,
            30.0,
            40.0,
            60.0,
            70.0,
            80.0,
            90.0,
            100.0,
            110.0,
            120.0
        ],
        "F_i": [
            6.275215063752302e-14,
            2.6848286080979816e-14,
            3.895190223481659e-14,
            4.0514180271127606e-14,
            6.9983057062570245e-15,
            -5.218027852517068e-15,
            -1.045312996488876e-14,
            -1.5354911290415076e-14,
            3.371076480726665e-14,
            2.7182672792997133e-14,
            1.809845062320659e-14
        ],
        "F_i_error": [
            3.9942491730540126e-15,
            1.1124133423071763e-14,
            4.394673069212713e-15,
            4.4200730149061306e-15,
            5.607743577073098e-15,
            5.50861026961808e-15,
            4.9452122957616075e-15,
            4.1937151991389985e-15,
            4.214907641814397e-15,
            4.48652719729416e-15,
            7.177224898484302e-15
        ],
        "textbook_var": [
            3.250991823715354e-17,
            3.4435070769849553e-17,
            3.619026005010627e-17,
            3.8719628945709614e-17,
            4.933980799761971e-17,
            5.3914421949804675e-17,
            5.893017617656687e-17,
            6.265278904876405e-17,
            6.679982532584749e-17,
            6.943237847030524e-17,
            7.043090700857114e-17
        ],
        "textbook_x": [
            0.47862551324487407,
            0.3736139424506111,
            0.31694600193423267,
            0.26211827721810094,
            0.19760636852185048,
            0.17678468613803633,
            0.16028067834411178,
            0.14684256821411232,
            0.13566592199626434,
            0.1262087550206186,
            0.1180917635050005
        ],
        "textbook_y": [
            1930.246338356137,
            779.6785509872532,
            1076.3089897913628,
            1046.347327551465,
            141.83893270510177,
            -96.78352588802953,
            -177.38161741734902,
            -245.0794533418777,
            504.653487383037,
            391.4985110962688,
            256.9674506819014
        ],
        "textbook_y_error": [
            122.86247981052246,
            323.0466258490098,
            121.43248109099478,
            114.1558722348217,
            113.6555613946376,
            102.17322323786942,
            83.91646888929603,
            66.93581024581263,
            63.097584780412326,
            64.61721888460083,
            101.90447920272935
        ]
    },
    "neg": {
        "P": [
            15.0,
            23.0,
            30.0,
            40.0,
            60.0,
            70.0,
            80.0,
            90.0,
            100.0,
            110.0,
            120.0
        ],
        "F_i": [
            6.72070733150478e-14,
            3.6397330186023375e-14,
            1.0453516068090908e-15,
            -9.617705094624311e-15,
            -2.469564830556748e-14,
            -3.429324248182585e-14,
            -3.739605887083645e-14,
            -5.869708634481138e-14,
            -1.3733877070419617e-14,
            -2.202890482541806e-14,
            -4.6068307704992024e-14
        ],
        "F_i_error": [
            6.441760417851047e-15,
            9.137668087604933e-15,
            1.8430900227998465e-14,
            1.1865107064370524e-14,
            1.1712026138709754e-14,
            9.063499108411584e-15,
            7.21100249797645e-15,
            1.0696056615864025e-14,
            4.727025798264275e-15,
            6.6268911304623306e-15,
            1.5187786675740202e-14
        ],
        "textbook_var": [
            3.250991823715354e-17,
            3.4435070769849553e-17,
            3.619026005010627e-17,
            3.8719628945709614e-17,
            4.933980799761971e-17,
            5.3914421949804675e-17,
            5.893017617656687e-17,
            6.265278904876405e-17,
            6.679982532584749e-17,
            6.943237847030524e-17,
            7.043090700857114e-17
        ],
        "textbook_x": [
            0.47862551324487407,
            0.3736139424506111,
            0.31694600193423267,
            0.26211827721810094,
            0.19760636852185048,
            0.17678468613803633,
            0.16028067834411178,
            0.14684256821411232,
            0.13566592199626434,
            0.1262087550206186,
            0.1180917635050005
        ],
        "textbook_y": [
            2067.2790631088415,
            1056.9843294148802,
            28.88488796051139,
            -248.39352433128147,
            -500.5217755764041,
            -636.0680730983909,
            -634.5825058929097,
            -936.8631027602959,
            -205.59749974533895,
            -317.2713553927777,
            -654.09221124166
        ],
        "textbook_y_error": [
            198.1475428778275,
            265.3593526401472,
            509.2779162813544,
            306.43648680123147,
            237.37478141939212,
            168.10899163214378,
            122.3651949787289,
            170.71956058554787,
            70.76404429511587,
            95.44381564426043,
            215.64093550423698
        ]
    }
}