{
    "pos": {
        "P": [
            12.0,
            15.0,
            23.0,
            30.0,
            40.0,
            50.0,
            60.0,
            70.0,
            80.0,
            90.0,
            100.0,
            100.0,
            120.0
        ],
        "F_i": [
            7.671195277665552e-14,
            6.780160922901048e-14,
            5.88568611779803e-14,
            5.1665713037690806e-14,
            5.779083994473576e-14,
            -2.5417149440816644e-14,
            2.3119124808006206e-14,
            2.0546175078215356e-14,
            1.0964844590587088e-14,
            -2.8747034699350532e-15,
            3.729355513720362e-14,
            2.3154541731196957e-14,
            2.225294060672954e-14
        ],
        "F_i_error": [
            7.38108952850167e-15,
            6.2571868610260146e-15,
            4.698668712823856e-15,
            6.3067080135472715e-15,
            1.1344255596502091e-14,
            6.398350438453341e-15,
            8.287140936883555e-15,
            6.5181452233465054e-15,
            9.61088452669531e-15,
            9.907020675080292e-15,
            5.821524859350304e-15,
            6.944820013126179e-15,
            6.7961499479442796e-15
        ],
        "textbook_var": [
            4.724421793372635e-17,
            4.688216255042725e-17,
            4.847682993174149e-17,
            5.018603232227461e-17,
            5.3398614644707266e-17,
            5.912148186898614e-17,
            6.49226965635562e-17,
            7.07258889539129e-17,
            7.641565433709213e-17,
            8.095077523359983e-17,
            8.548591104462532e-17,
            8.548591104462532e-17,
            9.060273665251282e-17
        ],
        "textbook_x": [
            0.8150441465262073,
            0.7172717600562087,
            0.5456849498913451,
            0.45626522279525616,
            0.3722193005611094,
            0.316126696886384,
            0.27575996817817705,
            0.24518463056999804,
            0.2211488087237972,
            0.2017121573963551,
            0.18564108841954804,
            0.18564108841954804,
            0.16055196414386919
        ],
        "textbook_y": [
            1623.7320910733706,
            1446.213347263619,
            1214.1235567765996,
            1029.4839150844657,
            1082.253544015188,
            -429.9139439221319,
            356.10234989813915,
            290.5043030509501,
            143.48950729673666,
            -35.51174725182699,
            436.2538186875689,
            270.85798640093844,
            245.6100271239695
        ],
        "textbook_y_error": [
            156.23265346154693,
            133.46625924722815,
            96.92607209340802,
            125.6665992849986,
            212.44475483085412,
            108.22378323723612,
            127.64628358852659,
            92.1606687417379,
            125.77114741828744,
            122.38327114831921,
            68.09923165363885,
            81.23935193836616,
            75.01042682639313
        ],
        "F_n/F_e": [
            -0.4821884090274752,
            -0.5135468158673181,
            -0.5046175931821079,
            -0.5102188743128935,
            -0.47810833419257015,
            -1.2226627480996093,
            -0.8026554688146998,
            -0.8275720185847736,
            -0.9081799215390097,
            -1.0265612416451293,
            -0.6269323491350939,
            -0.7683725657494717,
            -0.6717110809215828
        ],
        "F_n/F_i": [
            0.9312043558581913,
            1.0556962779120103,
            1.0186425400601895,
            1.0417283303784217,
            0.916106474804265,
            -5.491096999991419,
            4.067280020346915,
            4.799522744466197,
            9.890864141712198,
            -38.648842375686684,
            1.6804789900213466,
            3.317277887378398,
            2.0460973303857806
        ],
        "F_e/F_i": [
            1.9312043558581913,
            2.0556962779120105,
            2.0186425400601897,
            2.041728330378422,
            1.9161064748042649,
            -4.491096999991419,
            5.067280020346915,
            5.799522744466197,
            10.890864141712198,
            -37.648842375686684,
            2.6804789900213466,
            4.317277887378398,
            3.0460973303857806
        ],
        "z": [
            0.652116041129937,
            0.5832664743970912,
            0.46298453465009615,
            0.3939185835429845,
            0.394525245828856,
            0.3905179473951175,
            0.3874327016623787,
            0.3850318147722332,
            0.3832270781638191,
            0.3531891100066202,
            0.3430709507527392,
            0.3430709507527392,
            0.30734005604177067
        ],
        "dz": [
            0.03249032726596967,
            0.026184674993296887,
            0.018309850192702135,
            0.023550970681184093,
            0.04041775221178764,
            0.021889192629044128,
            0.027406571270233406,
            0.02106189328840101,
            0.03084286594143132,
            0.03232999916698859,
            0.019979035058110266,
            0.023834099461356353,
            0.03081420260503245
        ]
    },
    "neg": {
        "P": [
            12.0,
            15.0,
            23.0,
            30.0,
            40.0,
            50.0,
            60.0,
            70.0,
            80.0,
            90.0,
            100.0,
            100.0,
            120.0
        ],
        "F_i": [
            8.16552987037229e-14,
            7.292545755016495e-14,
            3.281604106403764e-14,
            7.961730619370242e-16,
            -4.0719333623746804e-15,
            -2.612023524492842e-14,
            -2.851036024858992e-14,
            -5.897984009302742e-14,
            -3.414707551014876e-14,
            -5.6619468651647295e-14,
            -2.4803291097147703e-14,
            -6.902933446743734e-14,
            -2.8525648967899874e-14
        ],
        "F_i_error": [
            9.644936315839841e-15,
            5.937776893256801e-15,
            4.648944728538639e-15,
            1.3792598265593536e-14,
            1.4915428797178627e-14,
            9.156378053574953e-15,
            1.899728592650891e-14,
            1.710152344772823e-14,
            1.0063936168895745e-14,
            9.860309019932038e-15,
            6.008338063704554e-15,
            1.0660229040247718e-14,
            1.226477238359081e-14
        ],
        "textbook_var": [
            4.724421793372635e-17,
            4.688216255042725e-17,
            4.847682993174149e-17,
            5.018603232227461e-17,
            5.3398614644707266e-17,
            5.912148186898614e-17,
            6.49226965635562e-17,
            7.07258889539129e-17,
            7.641565433709213e-17,
            8.095077523359983e-17,
            8.548591104462532e-17,
            8.548591104462532e-17,
            9.060273665251282e-17
        ],
        "textbook_x": [
            0.8150441465262073,
            0.7172717600562087,
            0.5456849498913451,
            0.45626522279525616,
            0.3722193005611094,
            0.316126696886384,
            0.27575996817817705,
            0.24518463056999804,
            0.2211488087237972,
            0.2017121573963551,
            0.18564108841954804,
            0.18564108841954804,
            0.16055196414386919
        ],