{
    "pos": {
        "P": [
            12.0,
            15.0,
            23.0,
            30.0,
            40.0,
            50.0,
            60.0,
            70.0,
            80.0,
            90.0,
            100.0,
            100.0,
            120.0
        ],
        "F_i": [
            4.4033772717878424e-14,
            3.706329295607023e-14,
            3.2605691060145885e-14,
            2.835277382471e-14,
            3.3337107663798914e-14,
            -5.074688280780599e-14,
            -2.961521878408853e-15,
            -6.042178455091248e-15,
            -1.5723486395782773e-14,
            -2.7099796685719972e-14,
            1.4903047421046233e-14,
            7.640340150395708e-16,
            7.103855931214714e-15
        ],
        "F_i_error": [
            7.38108952850167e-15,
            6.2571868610260146e-15,
            4.698668712823856e-15,
            6.3067080135472715e-15,
            1.1344255596502091e-14,
            6.398350438453341e-15,
            8.287140936883555e-15,
            6.5181452233465054e-15,
            9.61088452669531e-15,
            9.907020675080292e-15,
            5.821524859350304e-15,
            6.944820013126179e-15,
            6.7961499479442796e-15
        ],
        "textbook_var": [
            3.171562885868428e-17,
            3.1437120737258617e-17,
            3.2552125967559014e-17,
            3.3670732013350325e-17,
            3.5811891421494375e-17,
            3.989934186803747e-17,
            4.40256511826533e-17,
            4.814002731055306e-17,
            5.215632040312798e-17,
            5.525232937971239e-17,
            5.834612343078683e-17,
            5.834612343078683e-17,
            6.140442068306793e-17
        ],
        "textbook_x": [
            0.6888883888473594,
            0.6036868781912479,
            0.45574033695067456,
            0.3794969342119244,
            0.30839715633387244,
            0.26125306433229534,
            0.2274793276580871,
            0.20198278677837503,
            0.18199054027767164,
            0.16585628827914956,
            0.1525375465623833,
            0.1525375465623833,
            0.13178403959354804
        ],
        "textbook_y": [
            1388.393492497981,
            1178.96588767888,
            1001.6455174890958,
            842.0599176004913,
            930.8949162006537,
            -1271.8726783926795,
            -67.26809936602896,
            -125.51256807797252,
            -301.468475426418,
            -490.47337894989283,
            255.42480879170995,
            13.094854809778532,
            115.6896499012746
        ],
        "textbook_y_error": [
            232.72720088224267,
            199.03816616418462,
            144.34291380865514,
            187.30534314034765,
            316.77342765797744,
            160.362305213333,
            188.23437505789352,
            135.3996993250069,
            184.27075476971177,
            179.30503177514834,
            99.77569231752126,
            119.02795943871887,
            110.6785125947503
        ],
        "F_n/F_e": [
            -0.6186504748197654,
            -0.6588467989878568,
            -0.6477337537038537,
            -0.6549683344624577,
            -0.6136157273253628,
            -1.5713378252087928,
            -1.0325190272602722,
            -1.0652716960042905,
            -1.1695651283713768,
            -1.3226006331299636,
            -0.807886258031724,
            -0.9901509114563366,
            -0.8650368902709357
        ],
        "F_n/F_i": [
            1.6222662779699986,
            1.9312344044645373,
            1.8387619038564114,
            1.8982847079906406,
            1.5880970596390467,
            -2.7502779544388725,
            -31.751227335194027,
            -16.320576317402054,
            -6.89743899352836,
            -4.099807927522379,
            4.205249711731351,
            100.5322377869549,
            6.409432118209781
        ],
        "F_e/F_i": [
            2.6222662779699983,
            2.9312344044645373,
            2.8387619038564114,
            2.8982847079906406,
            2.5880970596390465,
            -1.7502779544388725,
            -30.751227335194027,
            -15.320576317402052,
            -5.89743899352836,
            -3.099807927522379,
            5.205249711731351,
            101.5322377869549,
            7.409432118209781
        ],
        "z": [
            0.6509348793297497,
            0.5822424407104777,
            0.46192725446015376,
            0.3929921993132799,
            0.39368228696004354,
            0.3891520810744365,
            0.3857168615452393,
            0.3830745236499444,
            0.38110523728524887,
            0.35107886464540466,
            0.340953889146143,
            0.340953889146143,
            0.30563866496536535
        ],
        "dz": [
            0.041609771396304326,
            0.03353423717891544,
            0.023449092235426475,
            0.030161299951925537,
            0.05176228038941439,
            0.028033091014696282,
            0.0350990975244921,
            0.02697358379094084,
            0.03949989763181031,
            0.041404442114995596,
            0.02558678694373894,
            0.030523897832896146,
            0.03946318901803588
        ]
    },
    "neg": {
        "P": [
            12.0,
            15.0,
            23.0,
            30.0,
            40.0,
            50.0,
            60.0,
            70.0,
            80.0,
            90.0,
            100.0,
            100.0,
            120.0
        ],
        "F_i": [
            7.782550721018331e-14,
            6.933256061347818e-14,
            2.969202467375233e-14,
            -1.9829201501837678e-15,
            -6.9633163048475585e-15,
            -2.9256218295871565e-14,
            -3.183714277780417e-14,
            -6.24406442813574e-14,
            -3.7668472129153825e-14,
            -5.985722844853023e-14,
            -2.7812511762692186e-14,
            -7.203855513298182e-14,
            -3.052223781089687e-14
        ],
        "F_i_error": [
            9.644936315839841e-15,
            5.937776893256801e-15,
            4.648944728538639e-15,
            1.3792598265593536e-14,
            1.4915428797178627e-14,
            9.156378053574953e-15,
            1.899728592650891e-14,
            1.710152344772823e-14,
            1.0063936168895745e-14,
            9.860309019932038e-15,
            6.008338063704554e-15,
            1.0660229040247718e-14,
            1.226477238359081e-14
        ],
        "textbook_var": [
            3.3519504903685e-17,
            3.302039844265901e-17,
            3.381299850661801e-17,
            3.4767823309415945e-17,
            3.676963177530807e-17,
            4.0809317600897477e-17,
            4.4904198049137135e-17,
            4.899620691324397e-17,
            5.299463288999988e-17,
            5.606377113166503e-17,
            5.913594476364395e-17,
            5.913594476364395e-17,
            6.212557038880111e-17
        ],
        "textbook_x": [
            0.8285391067935999,
            0.7294698524185713,
            0.5554190321847818,
            0.4646097238632926,
            0.37918629250369607,
            0.3221342861817651,
            0.28105688164311154,
            0.2499318884810944,
            0.22545709197865943,
            0.20566104595277165,
            0.18928984596444398,
            0.18928984596444398,
            0.16372684867715248
        ],