{
    "pos": {
        "P": [
            15.0,
            23.0,
            30.0,
            40.0,
            60.0,
            70.0,
            80.0,
            90.0,
            100.0,
            110.0,
            120.0
        ],
        "F_i": [
            7.111738176824449e-14,
            2.7891492571984568e-14,
            3.0243107930706535e-14,
            3.048477454888486e-14,
            -9.784426501847732e-15,
            -1.6028066188221862e-14,
            -2.2349501725156142e-14,
            -2.725072836822917e-14,
            2.6504188210849208e-14,
            2.0314332898275818e-14,
            7.130279308367745e-15
        ],
        "F_i_error": [
            4.564856197776014e-15,
            1.2713295340653442e-14,
            5.022483507671672e-15,
            5.0515120170355786e-15,
            6.408849802369254e-15,
            6.295554593849234e-15,
            5.651671195156123e-15,
            4.792817370444569e-15,
            4.817037304930739e-15,
            5.127459654050469e-15,
            8.202542741124915e-15
        ],
        "textbook_var": [
            3.239602369078458e-17,
            3.461653855366714e-17,
            3.634383146175255e-17,
            3.932044567375522e-17,
            5.049803012387533e-17,
            5.60785438883255e-17,
            6.155344249359603e-17,
            6.573129115360662e-17,
            6.995743770490253e-17,
            7.302633455101274e-17,
            7.385336955614486e-17
        ],
        "textbook_x": [
            0.5121990320018329,
            0.39538686163309184,
            0.333420410408604,
            0.2742311501709364,
            0.2053638292453745,
            0.18330961853606356,
            0.16588869695972294,
            0.15174362974857816,
            0.14000647599396246,
            0.13009483876175,
            0.12160250748064204
        ],
        "textbook_y": [
            2195.2503321719273,
            805.7273701338879,
            832.1386797793656,
            775.290666891708,
            -193.75857786622217,
            -285.8145928350077,
            -363.09101196868664,
            -414.5777131404172,
            378.8616204419938,
            278.17818083263086,
            96.54643181780837
        ],
        "textbook_y_error": [
            140.90791639575627,
            367.26073350585324,
            138.1935614839405,
            128.47036523818588,
            126.9128674256774,
            112.26316086926519,
            91.81730486875885,
            72.91530846768696,
            68.85668576442397,
            70.21384389036628,
            111.06524712984384
        ],
        "F_n/F_e": [
            -0.36606583945106447,
            -0.7137241853689281,
            -0.6535741448465724,
            -0.6705761587757434,
            -1.0986427378039265,
            -1.1571832243964313,
            -1.2158676902953771,
            -1.286079039300526,
            -0.7042825269861025,
            -0.7411126009894159,
            -0.8894887706949969
        ],
        "F_n/F_i": [
            0.5774508809149538,
            2.4931347633704775,
            1.88662057154225,
            2.035602997899736,
            -11.137593727251494,
            -7.362002076493246,
            -5.632467223935528,
            -4.49553746560754,
            2.381606064086054,
            2.862683173541084,
            8.048854186935806
        ],
        "F_e/F_i": [
            1.577450880914954,
            3.4931347633704775,
            2.88662057154225,
            3.035602997899736,
            -10.137593727251494,
            -6.362002076493246,
            -4.632467223935528,
            -3.49553746560754,
            3.381606064086054,
            3.862683173541084,
            9.048854186935806
        ],
        "z": [
            0.5796616314233303,
            0.45945858491959995,
            0.39094249423182537,
            0.39193060976774646,
            0.3824836226774831,
            0.37944443548792317,
            0.3771668681342289,
            0.3470883700280942,
            0.33681439859057266,
            0.3179038944565517,
            0.3017397149294416
        ],
        "dz": [
            0.023586855766375283,
            0.05995389603374262,
            0.022491337219292046,
            0.021394523242510424,
            0.02471284128071625,
            0.02342649140541733,
            0.02058876149023165,
            0.01746380471850139,
            0.01810227416654288,
            0.02077334563590362,
            0.03836019845071564
        ]
    },
    "neg": {
        "P": [
            15.0,
            23.0,
            30.0,
            40.0,
            60.0,
            70.0,
            80.0,
            90.0,
            100.0,
            110.0,
            120.0
        ],
        "F_i": [
            7.620872197112996e-14,
            3.88046858348915e-14,
            -1.307866421558774e-14,
            -2.68088087262602e-14,
            -4.6006088229647174e-14,
            -4.9256882907431864e-14,
            -5.3141420474810644e-14,
            -7.678464271611068e-14,
            -2.7718259649363677e-14,
            -3.5927470094198694e-14,
            -6.620315878100208e-14
        ],
        "F_i_error": [
            7.362011906115482e-15,
            1.0443049242977064e-14,
            2.1063885974855382e-14,
            1.35601223592806e-14,
            1.3385172729954003e-14,
            1.0358284695327522e-14,
            8.241145711973086e-15,
            1.2224064703844601e-14,
            5.4023151980163145e-15,
            7.573589863385521e-15,
            1.735747048656023e-14
        ],
        "textbook_var": [
            3.239602369078458e-17,
            3.461653855366714e-17,
            3.634383146175255e-17,
            3.932044567375522e-17,
            5.049803012387533e-17,
            5.60785438883255e-17,
            6.155344249359603e-17,
            6.573129115360662e-17,
            6.995743770490253e-17,
            7.302633455101274e-17,
            7.385336955614486e-17
        ],
        "textbook_x": [
            0.5121990320018329,
            0.39538686163309184,
            0.333420410408604,
            0.2742311501709364,
            0.2053638292453745,
            0.18330961853606356,
            0.16588869695972294,
            0.15174362974857816,
            0.14000647599396246,
            0.13009483876175,
            0.12160250748064204
        ],
        "textbook_y": [
            2352.4097493732975,
            1120.9868882393118,
            -359.85925780421474,
            -681.803277325363,
            -911.0471857375605,
            -878.355240562625,
            -863.3379112848064,
            -1168.1596598593144,
            -396.21605019735046,
            -491.9796442624608,
            -896.4135174722538
        ],
        "textbook_y_error": [
            227.25047914475041,
            301.67803250422816,
            579.5725196729067,
            344.86186834681337,
            265.0632647871452,
            184.71030053767004,
            133.88602453600362,
            185.97025083956345,
            77.22288544649952,
            103.71039310613311,
            235.02611446001418
        ],
        "F_n/F_e": [
            -0.32068207535098575,
            -0.6017121342568599,
            -1.149812229798952,
            -1.2897007073183049,
            -1.4638152780609466,
            -1.4830498943657366,
            -1.5132783646805303,
            -1.8060876951409908,
            -1.3092633373504965,
            -1.4578624034711514,
            -2.0260737545269687
        ],