{
    "pos": {
        "P": [
            12.0,
            15.0,
            23.0,
            30.0,
            40.0,
            50.0,
            60.0,
            70.0,
            80.0,
            90.0,
            100.0,
            100.0,
            120.0
        ],
        "F_i": [
            3.661049360773818e-14,
            4.1908655599068775e-14,
            3.768951112167621e-14,
            4.291693585989954e-14,
            4.8296333637352826e-14,
            -2.4531316390622514e-14,
            1.7905678088505945e-14,
            8.484162164874505e-15,
            8.018292234557685e-17,
            -1.1144919479776716e-14,
            2.6887167620149853e-14,
            1.4515530889894027e-14,
            1.9185709250706585e-14
        ],
        "F_i_error": [
            6.4584533374389615e-15,
            5.475038503397764e-15,
            4.111335123720874e-15,
            5.518369511853863e-15,
            9.92622364693933e-15,
            5.5985566336466734e-15,
            7.251248319773113e-15,
            5.703377070428193e-15,
            8.409523960858397e-15,
            8.668643090695255e-15,
            5.093834251931517e-15,
            6.076717511485407e-15,
            5.9466312044512454e-15
        ],
        "textbook_var": [
            4.539109563585997e-17,
            4.540145906913793e-17,
            4.6898782867685035e-17,
            4.864006298304386e-17,
            5.137173345504338e-17,
            5.676339329089623e-17,
            6.220530654815619e-17,
            6.698043485232026e-17,
            7.212473006930698e-17,
            7.607781528764688e-17,
            8.035048098770609e-17,
            8.035048098770609e-17,
            8.466925739867772e-17
        ],
        "textbook_x": [
            0.6452819659925563,
            0.5656874257454028,
            0.42714654611084146,
            0.35577650356222723,
            0.28920487978461235,
            0.2450624026032705,
            0.21343651259002577,
            0.1895587111500897,
            0.17083327154222028,
            0.15571924504699805,
            0.1432409142217332,
            0.1432409142217332,
            0.12379295292459594
        ],
        "textbook_y": [
            806.5567286905293,
            923.0684752939268,
            803.63516528796,
            882.3371769658393,
            940.1343966642296,
            -432.16789850646353,
            287.8480805274109,
            126.66627476487048,
            1.1117257876532292,
            -146.4936846259092,
            334.6236051065293,
            180.65269443894124,
            226.5959315122824
        ],
        "textbook_y_error": [
            142.2845879123623,
            120.59168616277958,
            87.66400474230075,
            113.45317364777245,
            193.22345148477427,
            98.62970321304903,
            116.56960992804632,
            85.14989613016259,
            116.59695575674827,
            113.94442726725913,
            63.3951930258002,
            75.62764325474501,
            70.23365253400833
        ]
    },
    "neg": {
        "P": [
            12.0,
            15.0,
            23.0,
            30.0,
            40.0,
            50.0,
            60.0,
            70.0,
            80.0,
            90.0,
            100.0,
            100.0,
            120.0
        ],
        "F_i": [
            4.0935921293922135e-14,
            4.639202288007892e-14,
            1.490379352197636e-14,
            -1.593911618885026e-15,
            -5.833593006368798e-15,
            -2.514651646922033e-14,
            -2.7270121336015697e-14,
            -6.110110110996292e-14,
            -3.939274716579829e-14,
            -5.817158901377494e-14,
            -2.7447572834907544e-14,
            -6.614536078391098e-14,
            -2.5245556627094145e-14
        ],
        "F_i_error": [
            8.439319276359862e-15,
            5.195554781599701e-15,
            4.06782663747131e-15,
            1.2068523482394344e-14,
            1.3051000197531298e-14,
            8.011830796878085e-15,
            1.66226251856953e-14,
            1.49638330167622e-14,
            8.805944147783778e-15,
            8.627770392440533e-15,
            5.257295805741485e-15,
            9.327700410216754e-15,
            1.073167583564196e-14
        ],
        "textbook_var": [
            4.539109563585997e-17,
            4.540145906913793e-17,
            4.6898782867685035e-17,
            4.864006298304386e-17,
            5.137173345504338e-17,
            5.676339329089623e-17,
            6.220530654815619e-17,
            6.698043485232026e-17,
            7.212473006930698e-17,
            7.607781528764688e-17,
            8.035048098770609e-17,
            8.035048098770609e-17,
            8.466925739867772e-17
        ],
        "textbook_x": [
            0.6452819659925563,
            0.5656874257454028,
            0.42714654611084146,
            0.35577650356222723,
            0.28920487978461235,
            0.2450624026032705,
            0.21343651259002577,
            0.1895587111500897,
            0.17083327154222028,
            0.15571924504699805,
            0.1432409142217332,
            0.1432409142217332,
            0.12379295292459594
        ],
        "textbook_y": [
            901.8491561058917,
            1021.8178849589954,
            317.786360554905,
            -32.76952210034495,
            -113.55647578982153,
            -443.0058707088139,
            -438.38898719845633,
            -912.2231177608774,
            -546.1753150125419,
            -764.632748638098,
            -341.59811487758384,
            -823.2105143717988,
            -298.16674201146833
        ],
        "textbook_y_error": [
            185.92455542519696,
            114.43585488492435,
            86.73629439270992,
            248.11899373159704,
            254.0502202237839,
            141.1443244032247,
            267.2219800544976,
            223.4060296824699,
            122.09327007978904,
            113.40717868697085,
            65.42954990581661,
            116.0876735964272,
            126.74819840583079
        ]
    }
}