{
    "pos": {
        "P": [
            12.0,
            15.0,
            23.0,
            30.0,
            40.0,
            50.0,
            60.0,
            70.0,
            80.0,
            90.0,
            100.0,
            100.0,
            120.0
        ],
        "F_i": [
            3.1130728123866924e-14,
            3.9361515666681403e-14,
            4.1026987693997146e-14,
            4.9748524041462753e-14,
            5.889894693394765e-14,
            -1.1738899706567388e-14,
            3.2378669451949914e-14,
            2.37264303519626e-14,
            1.809959517798012e-14,
            9.682781808608013e-15,
            5.428370377853791e-14,
            4.191206704828208e-14,
            6.764097734372633e-14
        ],
        "F_i_error": [
            6.4584533374389615e-15,
            5.475038503397764e-15,
            4.111335123720874e-15,
            5.518369511853863e-15,
            9.92622364693933e-15,
            5.5985566336466734e-15,
            7.251248319773113e-15,
            5.703377070428193e-15,
            8.409523960858397e-15,
            8.668643090695255e-15,
            5.093834251931517e-15,
            6.076717511485407e-15,
            5.9466312044512454e-15
        ],
        "textbook_var": [
            3.9925739162588674e-17,
            4.024412702028304e-17,
            4.235035882777532e-17,
            4.449769284220556e-17,
            4.7681847732038405e-17,
            5.375649534593148e-17,
            5.98974061033197e-17,
            6.532743190955344e-17,
            7.135498331516348e-17,
            7.628158763771028e-17,
            8.216398363107116e-17,
            8.216398363107116e-17,
            9.080794141163338e-17
        ],
        "textbook_x": [
            0.6452819659925563,
            0.5656874257454028,
            0.42714654611084146,
            0.35577650356222723,
            0.28920487978461235,
            0.2450624026032705,
            0.21343651259002577,
            0.1895587111500897,
            0.17083327154222028,
            0.15571924504699805,
            0.1432409142217332,
            0.1432409142217332,
            0.12379295292459594
        ],
        "textbook_y": [
            779.7157617318986,
            978.0685675413757,
            968.7518318520067,
            1118.0023247020313,
            1235.2488365162965,
            -218.37174523796105,
            540.5688085406988,
            363.19245466149823,
            253.65565706934748,
            126.93471791115775,
            660.675169089659,
            510.1026653779796,
            744.8795368800296
        ],
        "textbook_y_error": [
            161.7616473207509,
            136.04565209324443,
            97.0791095404951,
            124.01473333511242,
            208.17615338068575,
            104.1466077284072,
            121.06114089924213,
            87.30447384376876,
            117.8547533774184,
            113.64004550961728,
            61.995950376549544,
            73.95840906121103,
            65.48580566863752
        ]
    },
    "neg": {
        "P": [
            12.0,
            15.0,
            23.0,
            30.0,
            40.0,
            50.0,
            60.0,
            70.0,
            80.0,
            90.0,
            100.0,
            100.0,
            120.0
        ],
        "F_i": [
            3.545615581005088e-14,
            4.3844882947691546e-14,
            1.8241270094297294e-14,
            5.237676562678189e-15,
            4.76902029022603e-15,
            -1.2354099785165205e-14,
            -1.2797129972571728e-14,
            -4.585883292287482e-14,
            -2.137333491016375e-14,
            -3.734388772539021e-14,
            -5.103667651948883e-17,
            -3.874882462552292e-14,
            2.3209711465925602e-14
        ],
        "F_i_error": [
            8.439319276359862e-15,
            5.195554781599701e-15,
            4.06782663747131e-15,
            1.2068523482394344e-14,
            1.3051000197531298e-14,
            8.011830796878085e-15,
            1.66226251856953e-14,
            1.49638330167622e-14,
            8.805944147783778e-15,
            8.627770392440533e-15,
            5.257295805741485e-15,
            9.327700410216754e-15,
            1.073167583564196e-14
        ],
        "textbook_var": [
            3.9925739162588674e-17,
            4.024412702028304e-17,
            4.235035882777532e-17,
            4.449769284220556e-17,
            4.7681847732038405e-17,
            5.375649534593148e-17,
            5.98974061033197e-17,
            6.532743190955344e-17,
            7.135498331516348e-17,
            7.628158763771028e-17,
            8.216398363107116e-17,
            8.216398363107116e-17,
            9.080794141163338e-17
        ],
        "textbook_x": [
            0.6452819659925563,
            0.5656874257454028,
            0.42714654611084146,
            0.35577650356222723,
            0.28920487978461235,
            0.2450624026032705,
            0.21343651259002577,
            0.1895587111500897,
            0.17083327154222028,
            0.15571924504699805,
            0.1432409142217332,
            0.1432409142217332,
            0.12379295292459594
        ],
        "textbook_y": [
            888.0525834641054,
            1089.4728298018174,
            430.7229170944787,
            117.70669956421453,
            100.01752274842379,
            -229.81594513676225,
            -213.65082071329414,
            -701.9843208648839,
            -299.53528004850295,
            -489.5531003202276,
            -0.6211563055249525,
            -471.60352885895924,
            255.59120827016363
        ],
        "textbook_y_error": [
            211.37540477316188,
            129.10094382171943,
            96.05176319789388,
            271.21683645915874,
            273.71003470492747,
            149.0393066981152,
            277.5182811259338,
            229.05895087809046,
            123.4103595664698,
            113.10423209093436,
            63.985405446595024,
            113.52541585738533,
            118.17992643391351
        ]
    }
}