{
    "pos": {
        "P": [
            15.0,
            23.0,
            30.0,
            40.0,
            60.0,
            70.0,
            80.0,
            90.0,
            100.0,
            110.0,
            120.0
        ],
        "F_i": [
            7.295946286527291e-14,
            3.369838123818796e-14,
            4.545992716603588e-14,
            4.7815815445222437e-14,
            1.6750411499709052e-14,
            5.1451337829879e-15,
            1.1230162426315758e-15,
            -3.74607750376279e-15,
            4.583414730683006e-14,
            3.857405706383394e-14,
            2.8671174806013874e-14
        ],
        "F_i_error": [
            3.9942491730540126e-15,
            1.1124133423071763e-14,
            4.394673069212713e-15,
            4.4200730149061306e-15,
            5.607743577073098e-15,
            5.50861026961808e-15,
            4.9452122957616075e-15,
            4.1937151991389985e-15,
            4.214907641814397e-15,
            4.48652719729416e-15,
            7.177224898484302e-15
        ],
        "textbook_var": [
            3.236705906856862e-17,
            3.454485717828874e-17,
            3.660178546917086e-17,
            3.959686165305708e-17,
            5.120533742299818e-17,
            5.627127093168551e-17,
            6.178090793115643e-17,
            6.598733141790964e-17,
            7.061912575484862e-17,
            7.372235038271976e-17,
            7.517049637161869e-17
        ],
        "textbook_x": [
            0.5224765067166961,
            0.40029184919612293,
            0.33844638726015297,
            0.281040462665402,
            0.21535994706065356,
            0.19442404485822334,
            0.17786924848323468,
            0.1643946677748768,
            0.15317721740569526,
            0.14366856690458207,
            0.13548814938971962
        ],
        "textbook_y": [
            2254.1270342390553,
            975.4963253797215,
            1242.0139231821381,
            1207.5657880207486,
            327.1223732271674,
            91.43446909585886,
            18.177399462678228,
            -56.76964688931285,
            649.0330603346947,
            523.2342276607006,
            381.41526516298137
        ],
        "textbook_y_error": [
            123.40476051878294,
            322.0199569984971,
            120.06717740352532,
            111.626851987268,
            109.51482519778214,
            97.89383069569634,
            80.04434478807184,
            63.55333833064783,
            59.68507251769548,
            60.85708301489239,
            95.47928036822341
        ],
        "F_n/F_e": [
            -0.3299888484648345,
            -0.6435673500946258,
            -0.5234061012031443,
            -0.531740163589458,
            -0.8505808442186521,
            -0.9525330206132359,
            -0.9899073315392676,
            -1.036212438475894,
            -0.5464945536974141,
            -0.5688043763745031,
            -0.6365581597082933
        ],
        "F_n/F_i": [
            0.49251247193236464,
            1.8055791192683397,
            1.098222412255936,
            1.1355664574299733,
            5.692582318316315,
            20.067276934812554,
            98.08182398844355,
            -28.614820820908896,
            1.2050451833665177,
            1.3191329995234888,
            1.7514718701550085
        ],
        "F_e/F_i": [
            1.4925124719323648,
            2.8055791192683395,
            2.098222412255936,
            2.1355664574299733,
            6.692582318316315,
            21.067276934812554,
            99.08182398844355,
            -27.614820820908896,
            2.2050451833665177,
            2.3191329995234886,
            2.7514718701550085
        ]
    },
    "neg": {
        "P": [
            15.0,
            23.0,
            30.0,
            40.0,
            60.0,
            70.0,
            80.0,
            90.0,
            100.0,
            110.0,
            120.0
        ],
        "F_i": [
            8.085154361312337e-14,
            4.623165571497308e-14,
            1.0564372932261344e-14,
            9.07653292143522e-16,
            -1.1405159609896733e-14,
            -2.050891979556932e-14,
            -2.2308007717648394e-14,
            -4.3823286887621644e-14,
            1.579368202816118e-15,
            -7.813974604152732e-15,
            -3.300546105952611e-14
        ],
        "F_i_error": [
            6.441760417851047e-15,
            9.137668087604933e-15,
            1.8430900227998465e-14,
            1.1865107064370524e-14,
            1.1712026138709754e-14,
            9.063499108411584e-15,
            7.21100249797645e-15,
            1.0696056615864025e-14,
            4.727025798264275e-15,
            6.6268911304623306e-15,
            1.5187786675740202e-14
        ],
        "textbook_var": [
            3.252159710470509e-17,
            3.4672376768543173e-17,
            3.6716601498068335e-17,
            3.9700530293465815e-17,
            5.130862263490668e-17,
            5.63739237583732e-17,
            6.18841593750054e-17,
            6.60893913035468e-17,
            7.07210103372103e-17,
            7.382222810036007e-17,
            7.526668287533073e-17
        ],
        "textbook_x": [
            0.5369721894006048,
            0.4117845755126002,
            0.34833047264107564,
            0.2893761656090848,
            0.22185803827239492,
            0.20032157837185896,
            0.18328686661700452,
            0.16941840697538005,
            0.15787084343430494,
            0.14808080477847543,
            0.13965716687118654
        ],
        "textbook_y": [
            2486.0877328016004,
            1333.3858253673907,
            287.7274176047349,
            22.8624979423237,
            -222.28543710969714,
            -363.8015314221078,
            -360.480096085113,
            -663.091095609316,
            22.33237612536092,
            -105.84853377128859,
            -438.5135600328671
        ],
        "textbook_y_error": [
            198.07638588939656,
            263.543170074662,
            501.97729299559813,
            298.86520347873955,
            228.26623552240395,
            160.7746721207318,
            116.52420539930492,
            161.84226250075938,
            66.84047323030283,
            89.768235137162,
            201.786316276177
        ],
        "F_n/F_e": [
            -0.28023238794503985,
            -0.5259638719593468,
            -0.8926341595666871,
            -0.9913833853327064,
            -1.0986248109394512,
            -1.183418127348342,
            -1.194350416141153,
            -1.4106679155397068,
            -0.984851090192491,
            -1.084675037757399,
            -1.4055818451059376
        ],
        "F_n/F_i": [
            0.3893373128376354,
            1.109543852982953,
            8.313949352644624,
            115.05485896865525,
            -11.139436420455397,
            -6.4520238236912695,
            -6.145345298739772,
            -3.4350575298432617,
            65.01135083029634,
            -12.80985596800184,
            -3.465593596130519
        ],
        "F_e/F_i": [
            1.3893373128376354,
            2.109543852982953,
            9.313949352644624,
            116.05485896865525,
            -10.139436420455397,
            -5.4520238236912695,
            -5.145345298739772,
            -2.4350575298432617,
            66.01135083029634,
            -11.80985596800184,
            -2.465593596130519
        ]
    }
}