{
    "pos": {
        "P": [
            15.0,
            23.0,
            30.0,
            40.0,
            60.0,
            70.0,
            80.0,
            90.0,
            100.0,
            110.0,
            120.0
        ],
        "F_i": [
            4.9258281042072644e-14,
            2.0605332326622223e-14,
            3.6332307046014714e-14,
            4.131027118063155e-14,
            1.16767985190728e-14,
            4.22583786911152e-16,
            -2.8409540682469276e-15,
            -4.985517110749197e-15,
            4.968829747687597e-14,
            5.066303910378882e-14,
            5.401992923872998e-14
        ],
        "F_i_error": [
            3.9942491730540126e-15,
            1.1124133423071763e-14,
            4.394673069212713e-15,
            4.4200730149061306e-15,
            5.607743577073098e-15,
            5.50861026961808e-15,
            4.9452122957616075e-15,
            4.1937151991389985e-15,
            4.214907641814397e-15,
            4.48652719729416e-15,
            7.177224898484302e-15
        ],
        "textbook_var": [
            3.972437631536022e-17,
            4.43710182649797e-17,
            4.848982121788364e-17,
            5.432409006460802e-17,
            7.165135768688567e-17,
            7.959656252781322e-17,
            8.813023841729019e-17,
            9.554476897021355e-17,
            1.0391695605385134e-16,
            1.112927499729928e-16,
            1.1746578320938325e-16
        ],
        "textbook_x": [
            0.47862551324487407,
            0.3736139424506111,
            0.31694600193423267,
            0.26211827721810094,
            0.19760636852185048,
            0.17678468613803633,
            0.16028067834411178,
            0.14684256821411232,
            0.13566592199626434,
            0.1262087550206186,
            0.1180917635050005
        ],
        "textbook_y": [
            1240.0013697137883,
            464.3871863289016,
            749.2769850142264,
            760.4411069104141,
            162.96688431362415,
            5.309070812743824,
            -32.23586046363813,
            -52.17990649287614,
            478.15389676278375,
            455.22317595785097,
            459.87799819492307
        ],
        "textbook_y_error": [
            100.54907196892998,
            250.70719262378532,
            90.63083671655,
            81.36487900026134,
            78.26430312149525,
            69.20663524499844,
            56.1125487071349,
            43.892671931065166,
            40.56034550925614,
            40.31284336475554,
            61.10055798709372
        ]
    },
    "neg": {
        "P": [
            15.0,
            23.0,
            30.0,
            40.0,
            60.0,
            70.0,
            80.0,
            90.0,
            100.0,
            110.0,
            120.0
        ],
        "F_i": [
            5.371320371959743e-14,
            3.015437643166578e-14,
            -1.5742435819927852e-15,
            -8.821614185120367e-15,
            -2.0017155492751703e-14,
            -2.865263084239763e-14,
            -2.978388297419462e-14,
            -4.83276921651455e-14,
            2.243655599189704e-15,
            1.4514614853736241e-15,
            -1.0146829089468637e-14
        ],
        "F_i_error": [
            6.441760417851047e-15,
            9.137668087604933e-15,
            1.8430900227998465e-14,
            1.1865107064370524e-14,
            1.1712026138709754e-14,
            9.063499108411584e-15,
            7.21100249797645e-15,
            1.0696056615864025e-14,
            4.727025798264275e-15,
            6.6268911304623306e-15,
            1.5187786675740202e-14
        ],
        "textbook_var": [
            3.972437631536022e-17,
            4.43710182649797e-17,
            4.848982121788364e-17,
            5.432409006460802e-17,
            7.165135768688567e-17,
            7.959656252781322e-17,
            8.813023841729019e-17,
            9.554476897021355e-17,
            1.0391695605385134e-16,
            1.112927499729928e-16,
            1.1746578320938325e-16
        ],
        "textbook_x": [
            0.47862551324487407,
            0.3736139424506111,
            0.31694600193423267,
            0.26211827721810094,
            0.19760636852185048,
            0.17678468613803633,
            0.16028067834411178,
            0.14684256821411232,
            0.13566592199626434,
            0.1262087550206186,
            0.1180917635050005
        ],
        "textbook_y": [
            1352.147187741451,
            679.5962231830376,
            -32.46544413762831,
            -162.38862306996324,
            -279.36882341052194,
            -359.9732190995762,
            -337.9530511783042,
            -505.81201551925716,
            21.590851814664468,
            13.041833234652279,
            -86.3811470220385
        ],
        "textbook_y_error": [
            162.161398500301,
            205.93775948605926,
            380.0983333219823,
            218.4133604494667,
            163.458537518451,
            113.86797143714026,
            81.82211494575657,
            111.94811323682788,
            45.488493675802616,
            59.54467952378268,
            129.295410636031
        ]
    }
}