{
    "pos": {
        "P": [
            12.0,
            15.0,
            23.0,
            30.0,
            40.0,
            50.0,
            60.0,
            70.0,
            80.0,
            90.0,
            100.0,
            100.0,
            120.0
        ],
        "F_i": [
            6.648887745007485e-14,
            7.12204031325699e-14,
            6.114929041901995e-14,
            6.58366132339375e-14,
            7.240542729705329e-14,
            6.409803167416238e-16,
            4.423656654858667e-14,
            3.392530297285543e-14,
            2.6141593875431713e-14,
            1.2989855138831073e-14,
            5.029046466479395e-14,
            3.7918827934538126e-14,
            3.676183866397453e-14
        ],
        "F_i_error": [
            6.4584533374389615e-15,
            5.475038503397764e-15,
            4.111335123720874e-15,
            5.518369511853863e-15,
            9.92622364693933e-15,
            5.5985566336466734e-15,
            7.251248319773113e-15,
            5.703377070428193e-15,
            8.409523960858397e-15,
            8.668643090695255e-15,
            5.093834251931517e-15,
            6.076717511485407e-15,
            5.9466312044512454e-15
        ],
        "textbook_var": [
            4.613156926633086e-17,
            4.605495945874333e-17,
            4.780518065565651e-17,
            4.9899768467817354e-17,
            5.3199969018618404e-17,
            5.942403715234502e-17,
            6.570012347108207e-17,
            7.124476492945084e-17,
            7.719176214662345e-17,
            8.183601119714787e-17,
            8.682870562562211e-17,
            8.682870562562211e-17,
            9.219516651014473e-17
        ],
        "textbook_x": [
            0.7535830681411182,
            0.6538442366044015,
            0.489756854794594,
            0.4073765069438543,
            0.33195898523842704,
            0.28247454446293135,
            0.24721290097540707,
            0.22066173999294017,
            0.19986270946039697,
            0.18307678990487133,
            0.16921061968148884,
            0.16921061968148884,
            0.1475658982515105
        ],
        "textbook_y": [
            1441.2880053183403,
            1546.4220133853364,
            1279.135223010281,
            1319.377128501078,
            1361.0050650915518,
            10.78654947489257,
            673.3102498362489,
            476.17959026813406,
            338.6578198043534,
            158.73030648497434,
            579.1916889977666,
            436.7084325549215,
            398.73932718511253
        ],
        "textbook_y_error": [
            140.00072922194445,
            118.88054115653667,
            86.00187400890836,
            110.58908049669434,
            186.5832599162877,
            94.21367012297885,
            110.36886898644492,
            80.0532793683281,
            108.94328263791617,
            105.92699917658466,
            58.665325196652326,
            69.98512148374397,
            64.50046601734708
        ],
        "F_n/F_e": [
            -0.4845586468355662,
            -0.4679130885512856,
            -0.461757252004535,
            -0.4170167788630481,
            -0.3901682484981404,
            -0.9947787177850541,
            -0.6503439746054516,
            -0.7177845669642202,
            -0.7840196499382046,
            -0.8821309528861727,
            -0.5216246295553213,
            -0.6393067059348272,
            -0.5200933459165824
        ],
        "F_n/F_i": [
            0.9400849269480024,
            0.8793922167288375,
            0.8578977677343932,
            0.7153152333437128,
            0.6397965464035872,
            190.52383625951254,
            1.859953575436344,
            2.5433923270709933,
            3.6300508343184203,
            7.483991552373288,
            1.0904086242367363,
            1.7724385688726232,
            1.0837385593452922
        ],
        "F_e/F_i": [
            1.9400849269480025,
            1.8793922167288375,
            1.8578977677343933,
            1.7153152333437127,
            1.6397965464035873,
            191.52383625951254,
            2.859953575436344,
            3.5433923270709933,
            4.63005083431842,
            8.483991552373288,
            2.090408624236736,
            2.772438568872623,
            2.083738559345292
        ]
    },
    "neg": {
        "P": [
            12.0,
            15.0,
            23.0,
            30.0,
            40.0,
            50.0,
            60.0,
            70.0,
            80.0,
            90.0,
            100.0,
            100.0,
            120.0
        ],
        "F_i": [
            7.468222962928187e-14,
            7.971767433798175e-14,
            4.177047616467168e-14,
            2.4712527165838223e-14,
            2.1836510306892068e-14,
            3.707298037085031e-15,
            2.8545552954174806e-15,
            -3.205532870757352e-14,
            -9.70196591024829e-15,
            -3.073222676357293e-14,
            -8.919100840141218e-16,
            -3.9589698033017555e-14,
            -5.372185383682757e-15
        ],
        "F_i_error": [
            8.439319276359862e-15,
            5.195554781599701e-15,
            4.06782663747131e-15,
            1.2068523482394344e-14,
            1.3051000197531298e-14,
            8.011830796878085e-15,
            1.66226251856953e-14,
            1.49638330167622e-14,
            8.805944147783778e-15,
            8.627770392440533e-15,
            5.257295805741485e-15,
            9.327700410216754e-15,
            1.073167583564196e-14
        ],
        "textbook_var": [
            4.642860320462683e-17,
            4.6314014760327773e-17,
            4.800893593923311e-17,
            5.007778420443404e-17,
            5.335558017909967e-17,
            5.957254865621812e-17,
            6.584425390507159e-17,
            7.138460291231002e-17,
            7.732925078384729e-17,
            8.196975314707829e-17,
            8.696004747739746e-17,
            8.696004747739746e-17,
            9.231714211351456e-17
        ],
        "textbook_x": [
            0.7722044583925152,
            0.6704557445423672,
            0.5027872113637488,
            0.4184676361770844,
            0.34118629541608203,
            0.2904316343807837,
            0.2542417008455283,
            0.22697881398546188,
            0.20561462010112025,
            0.18836772238301383,
            0.17411750285779484,
            0.17411750285779484,
            0.15186746066116819
        ],
        "textbook_y": [
            1608.5392295807733,
            1721.2430136000064,
            870.0562790548471,
            493.4828399146722,
            409.2638526953141,
            62.23165066311238,
            43.35314209092452,
            -449.0510194047139,
            -125.46307913117475,
            -374.9215482987988,
            -10.256550104183715,
            -455.26306828785545,
            -58.19271763284262
        ],
        "textbook_y_error": [
            181.76982924006734,
            112.1810494833234,
            84.73061437187705,
            240.99555669489388,
            244.60422234605568,
            134.48863574920793,
            252.45369489128586,
            209.62269742039484,
            113.87597912203209,
            105.25553708768317,
            60.45645049938541,
            107.26420558407811,
            116.24792091642232
        ],