{
    "pos": {
        "P": [
            15.0,
            23.0,
            30.0,
            40.0,
            60.0,
            70.0,
            80.0,
            90.0,
            100.0,
            110.0,
            120.0
        ],
        "F_i": [
            7.116605925377395e-14,
            2.7948186990015055e-14,
            3.0295567282975417e-14,
            3.0535211428156565e-14,
            -9.661684224959016e-15,
            -1.5877877109538702e-14,
            -2.2178012423728915e-14,
            -2.707726193044015e-14,
            2.667647166531816e-14,
            2.04694979037244e-14,
            7.244711524605673e-15
        ],
        "F_i_error": [
            4.564856197776014e-15,
            1.2713295340653442e-14,
            5.022483507671672e-15,
            5.0515120170355786e-15,
            6.408849802369254e-15,
            6.295554593849234e-15,
            5.651671195156123e-15,
            4.792817370444569e-15,
            4.817037304930739e-15,
            5.127459654050469e-15,
            8.202542741124915e-15
        ],
        "textbook_var": [
            2.7798764590622e-17,
            2.951519736268403e-17,
            3.0881078554387966e-17,
            3.329882880669649e-17,
            4.260302183389019e-17,
            4.7254396771197597e-17,
            5.181882332978767e-17,
            5.52922640920127e-17,
            5.880821672154273e-17,
            6.135163072411257e-17,
            6.200929386246122e-17
        ],
        "textbook_x": [
            0.5121990320018328,
            0.3953868616330919,
            0.33342041040860404,
            0.2742311501709364,
            0.20536382924537452,
            0.1833096185360636,
            0.16588869695972294,
            0.15174362974857816,
            0.14000647599396246,
            0.13009483876175,
            0.12160250748064207
        ],
        "textbook_y": [
            2560.0439552548332,
            946.9083552647986,
            981.0398049931662,
            917.0055681362537,
            -226.78401223814743,
            -336.00846047021287,
            -427.99143242953664,
            -489.7115785560972,
            453.6181022395462,
            333.6422791396061,
            116.83267254542031
        ],
        "textbook_y_error": [
            164.2107577441043,
            430.73726339796804,
            162.63951075497704,
            151.7023930889637,
            150.43181273284918,
            133.22685345729536,
            109.06598861165767,
            86.68151773399563,
            81.9109568946707,
            83.5749529968934,
            132.2792476772666
        ],
        "F_n/F_e": [
            -0.36590706985760807,
            -0.7133091061664977,
            -0.6531816438410668,
            -0.6702108738786547,
            -1.0972849142878507,
            -1.155481354480483,
            -1.2138570962480566,
            -1.283741274104553,
            -0.7029313291200936,
            -0.7396499915069027,
            -0.8879139936441711
        ],
        "F_n/F_i": [
            0.577055905315708,
            2.488077303846131,
            1.8833537275107184,
            2.032240667729148,
            -11.279085995195091,
            -7.431639364998759,
            -5.676019723189744,
            -4.524337455507159,
            2.366225044997297,
            2.8409831664227245,
            7.921720315606523
        ],
        "F_e/F_i": [
            1.577055905315708,
            3.488077303846131,
            2.8833537275107184,
            3.032240667729148,
            -10.279085995195091,
            -6.431639364998759,
            -4.676019723189744,
            -3.524337455507159,
            3.366225044997297,
            3.8409831664227245,
            8.921720315606523
        ],
        "z": [
            0.5799131505907493,
            0.4597259468547408,
            0.3911774140638931,
            0.3921442236287486,
            0.38295692295767747,
            0.3800033065307375,
            0.3777915952641861,
            0.3477204375075359,
            0.33746183437521227,
            0.3185325286158149,
            0.3022748712416462
        ],
        "dz": [
            0.023586855766375283,
            0.05995389603374262,
            0.022491337219292046,
            0.021394523242510424,
            0.02471284128071625,
            0.02342649140541733,
            0.02058876149023165,
            0.01746380471850139,
            0.01810227416654288,
            0.02077334563590362,
            0.03836019845071564
        ]
    },
    "neg": {
        "P": [
            15.0,
            23.0,
            30.0,
            40.0,
            60.0,
            70.0,
            80.0,
            90.0,
            100.0,
            110.0,
            120.0
        ],
        "F_i": [
            7.625739945665941e-14,
            3.8861380252921985e-14,
            -1.3026204863318859e-14,
            -2.6758371846988494e-14,
            -4.588334595275846e-14,
            -4.9106693828748705e-14,
            -5.2969931173383417e-14,
            -7.661117627832166e-14,
            -2.7545976194894724e-14,
            -3.577230508875011e-14,
            -6.608872656476415e-14
        ],
        "F_i_error": [
            7.362011906115482e-15,
            1.0443049242977064e-14,
            2.1063885974855382e-14,
            1.35601223592806e-14,
            1.3385172729954003e-14,
            1.0358284695327522e-14,
            8.241145711973086e-15,
            1.2224064703844601e-14,
            5.4023151980163145e-15,
            7.573589863385521e-15,
            1.735747048656023e-14
        ],
        "textbook_var": [
            2.7798764590622e-17,
            2.951519736268403e-17,
            3.0881078554387966e-17,
            3.329882880669649e-17,
            4.260302183389019e-17,
            4.7254396771197597e-17,
            5.181882332978767e-17,
            5.52922640920127e-17,
            5.880821672154273e-17,
            6.135163072411257e-17,
            6.200929386246122e-17
        ],
        "textbook_x": [
            0.5121990320018328,
            0.3953868616330919,
            0.33342041040860404,
            0.2742311501709364,
            0.20536382924537452,
            0.1833096185360636,
            0.16588869695972294,
            0.15174362974857816,
            0.14000647599396246,
            0.13009483876175,
            0.12160250748064207
        ],
        "textbook_y": [
            2743.193828202894,
            1316.6566286307238,
            -421.81832607876754,
            -803.582972912468,
            -1076.9974517689918,
            -1039.1984065846782,
            -1022.2140868824793,
            -1385.5677197597088,
            -468.40352812133534,
            -583.070159122776,
            -1065.7874400465075
        ],
        "textbook_y_error": [
            264.8323410961608,
            353.8193939431413,
            682.0968360207213,
            407.2252041655477,
            314.1836459897842,
            219.20255898052397,
            159.03768519644723,
            221.08092161866168,
            91.86327182128835,
            123.44561626149131,
            279.9172415196294
        ],
        "F_n/F_e": [
            -0.32054298954388455,
            -0.6013621976876641,
            -1.14912171524923,
            -1.2889981649090907,
            -1.462006134160614,
            -1.480868772183994,
            -1.5107759637233782,
            -1.802804686223536,
            -1.3067514564508778,
            -1.4549852652701956,
            -2.0224867340304464
        ],