{
    "pos": {
        "P": [
            23.0,
            30.0,
            40.0,
            50.0,
            60.0,
            70.0,
            90.0,
            100.0,
            120.0
        ],
        "F_i": [
            6.17155479683707e-14,
            5.406130045421679e-15,
            4.552856882676522e-14,
            3.965849058696425e-14,
            1.6822974039077227e-14,
            1.1049820753729081e-14,
            1.6218501048378546e-14,
            1.7779758905191964e-14,
            1.5402225260306144e-14
        ],
        "F_i_error": [
            1.346145236729166e-14,
            4.079423880257196e-14,
            4.2545734193371795e-15,
            6.144615661282364e-15,
            5.426110737782406e-15,
            6.223862651517425e-15,
            7.272109321132109e-15,
            6.490243143386356e-15,
            6.0636753405801946e-15
        ],
        "textbook_var": [
            2.4082594497924604e-17,
            2.519508391179295e-17,
            2.7097925202306362e-17,
            3.1887916985454934e-17,
            3.6069226743834424e-17,
            4.0790024224770557e-17,
            4.9814477156172587e-17,
            5.376780459254319e-17,
            5.970058543564409e-17
        ],
        "textbook_x": [
            0.6002045764465214,
            0.4731071341718831,
            0.3625315960597756,
            0.2933097795364625,
            0.24591046599542077,
            0.2114280800155196,
            0.1646322916599549,
            0.14803217774228708,
            0.12291756768860822
        ],
        "textbook_y": [
            2562.6619247228214,
            214.57082914858861,
            1680.1496235176776,
            1243.6839510418229,
            466.4079482090062,
            270.8951750761368,
            325.5780643352369,
            330.6766761248377,
            257.99119301617907
        ],
        "textbook_y_error": [
            558.9701877200874,
            1619.1348655710406,
            157.0073497352138,
            192.69416889429036,
            150.43601506400276,
            152.58296041260647,
            145.98385321466756,
            120.70872509245912,
            101.56810517573068
        ],
        "F_n/F_e": [
            -0.40542324070539554,
            -0.9414242334913271,
            -0.46364418897810156,
            -0.4828921456070285,
            -0.7502145852653486,
            -0.8333690393258236,
            -0.7413140361193609,
            -0.6989129504458668,
            -0.7102214060186446
        ],
        "F_n/F_i": [
            0.6818686306985539,
            16.071906346320475,
            0.8644339810446686,
            0.9338325486737992,
            3.003436313774789,
            5.001285691170926,
            2.865690990723456,
            2.3212986127462365,
            2.4509105253797343
        ],
        "F_e/F_i": [
            1.681868630698554,
            17.071906346320475,
            1.8644339810446686,
            1.9338325486737993,
            4.003436313774789,
            6.001285691170926,
            3.865690990723456,
            3.3212986127462365,
            3.4509105253797343
        ],
        "z": [
            0.3434437508474999,
            0.3152131089165502,
            0.29788355860338717,
            0.2723171060988325,
            0.2401238511651274,
            0.2374987179045991,
            0.23448843242928152,
            0.23396228096260333,
            0.2744871652125557
        ],
        "dz": [
            0.04454109376721833,
            0.1393267786936163,
            0.014930403590869003,
            0.021817983058314484,
            0.019345869500746293,
            0.022290598767711826,
            0.02719843866636746,
            0.02571420027654454,
            0.031314163336089676
        ]
    },
    "neg": {
        "P": [
            23.0,
            30.0,
            40.0,
            50.0,
            60.0,
            70.0,
            90.0,
            100.0,
            120.0
        ],
        "F_i": [
            9.624043860263247e-14,
            3.2121793032489475e-14,
            9.010071407139694e-16,
            3.436437732904506e-14,
            1.6194189485963235e-14,
            2.0412764462964308e-14,
            1.922647021443393e-14,
            1.1446889970057903e-14,
            4.456236682564811e-15
        ],
        "F_i_error": [
            1.346145236729166e-14,
            2.823339495721882e-14,
            8.297878163044864e-15,
            7.406078662591933e-15,
            9.55577287254213e-15,
            6.277843990972255e-15,
            6.349908584456112e-15,
            1.0857782416873043e-14,
            9.649744299396582e-15
        ],
        "textbook_var": [
            2.5935970817843286e-17,
            2.676303688475966e-17,
            2.842050284014372e-17,
            3.3164838165205267e-17,
            3.729211690624019e-17,
            4.198758412858813e-17,
            5.0964797062798044e-17,
            5.4888516213137916e-17,
            6.074114288246852e-17
        ],
        "textbook_x": [
            0.7675221796801941,
            0.6103003967911624,
            0.47138828809168654,
            0.3833241996295938,
            0.32250509836824204,
            0.2779880269327839,
            0.21720187345911607,
            0.19553519590354407,
            0.16265212354221423
        ],
        "textbook_y": [
            3710.693510513264,
            1200.2297486194993,
            31.70271637281887,
            1036.1690039874304,
            434.25235222442996,
            486.1619187341109,
            377.2500102520445,
            208.5479943674997,
            73.3643864947921
        ],
        "textbook_y_error": [
            519.0263538556469,
            1054.9398814039846,
            291.96802779028184,
            223.31116544877295,
            256.2410950434175,
            149.5166754949793,
            124.59401293469003,
            197.8151927939011,
            158.86668971751848
        ],
        "F_n/F_e": [
            -0.3042306670886315,
            -0.7388584682927531,
            -0.9920368815513194,
            -0.6638152190052257,
            -0.8195898444357045,
            -0.7690392569502066,
            -0.7699185621298598,
            -0.8545670839448347,
            -0.9371044585023063
        ],
        "F_n/F_i": [
            0.43725794267995766,
            2.8293410989143304,
            124.57894328015291,
            1.9745546393890567,
            4.542925213229554,
            3.3297401402298377,
            3.346287163610338,
            5.8760224791248925,
            14.89937817828738
        ],
        "F_e/F_i": [
            1.4372579426799577,
            3.8293410989143304,
            125.57894328015291,
            2.9745546393890567,
            5.542925213229554,
            4.329740140229838,
            4.346287163610338,
            6.8760224791248925,
            15.89937817828738
        ],
        "z": [
            0.34325947430222015,
            0.3150800154324452,
            0.29779804718859015,
            0.2722146974855952,
            0.2400264489941667,
            0.23740324682469885,
            0.23440281075429864,
            0.23388270850166715,
            0.2744192192179937
        ],
        "dz": [
            0.03340582032541375,
            0.0723202850409458,
            0.02183955787888709,
            0.019722840413820043,
            0.025552104984295408,
            0.016862948625834744,
            0.017811984619389938,
            0.032263720956793994,
            0.03737506365824307
        ]
    }
}