{
    "pos": {
        "P": [
            18.0,
            20.0,
            23.0,
            40.0,
            50.0,
            60.0,
            70.0,
            90.0,
            100.0,
            120.0
        ],
        "F_i": [
            8.080067009772963e-14,
            7.033676532616793e-14,
            5.864469643452239e-14,
            7.679336007272644e-14,
            5.830082486484767e-14,
            4.3859029671797544e-14,
            4.154562383191947e-14,
            2.5263966210009544e-14,
            3.2517190754837667e-14,
            1.8078296430367738e-14
        ],
        "F_i_error": [
            7.862694170740781e-15,
            8.22908415403156e-15,
            8.937413832656394e-15,
            4.212308606475526e-15,
            7.8288298862463e-15,
            7.230771343481752e-15,
            4.511187478420972e-15,
            7.5983360386411e-15,
            1.5369386117749142e-14,
            5.373386234203408e-15
        ],
        "textbook_var": [
            2.1187664387114815e-17,
            2.1761112604340633e-17,
            2.300649698943159e-17,
            2.6882374735280713e-17,
            3.2103549809169033e-17,
            3.6683022466532586e-17,
            4.1748252917173763e-17,
            5.12904780898081e-17,
            5.541723823749825e-17,
            6.149540712559353e-17
        ],
        "textbook_x": [
            0.8560838343141735,
            0.7841655609779415,
            0.6963347550175557,
            0.4246332622977325,
            0.3445363391232895,
            0.2894204788777972,
            0.24918379125472503,
            0.19438772802515014,
            0.17489669502930114,
            0.14535594550697215
        ],
        "textbook_y": [
            3813.571360270753,
            3232.222846553261,
            2549.049360337725,
            2856.6434635680466,
            1816.0242468948552,
            1195.6220268330376,
            995.1464056314812,
            492.56640122895897,
            586.7703225390038,
            293.9779940548406
        ],
        "textbook_y_error": [
            371.0977305984913,
            378.15548789495836,
            388.4734749823905,
            156.69406620343133,
            243.86181381132886,
            197.1149283044678,
            108.05691647434732,
            148.14320945374385,
            277.339445388482,
            87.37865940507092
        ],
        "F_n/F_e": [
            -0.3521877896404422,
            -0.41264455063996486,
            -0.5006162187546526,
            -0.21297118491193762,
            -0.3402325265263112,
            -0.43393188772816144,
            -0.4526393619460384,
            -0.641136034606615,
            -0.502412913978021,
            -0.6763488476667625
        ],
        "F_n/F_i": [
            0.5436572265980693,
            0.7025465603316867,
            1.0024679165715629,
            0.27060150890168844,
            0.5156855107375637,
            0.766571863563616,
            0.8269490542018384,
            1.7865712259624746,
            1.009698459006689,
            2.089746453213244
        ],
        "F_e/F_i": [
            1.5436572265980693,
            1.702546560331687,
            2.002467916571563,
            1.2706015089016884,
            1.515685510737564,
            1.7665718635636158,
            1.8269490542018383,
            2.7865712259624744,
            2.0096984590066893,
            3.089746453213244
        ],
        "z": [
            0.35540193881389737,
            0.34466925578221375,
            0.3425706090817594,
            0.2977468131269363,
            0.27241977523536004,
            0.24050713708219557,
            0.23818682342375735,
            0.23580357299022423,
            0.23561123898152284,
            0.2770825204781133
        ],
        "dz": [
            0.022403988617500214,
            0.023684960266644746,
            0.026071598439877167,
            0.012853880735960716,
            0.024135243692840976,
            0.022445137411534737,
            0.014156532397253355,
            0.025450551503330095,
            0.05541260996459523,
            0.026654886789518623
        ]
    },
    "neg": {
        "P": [
            18.0,
            20.0,
            23.0,
            40.0,
            50.0,
            60.0,
            70.0,
            90.0,
            100.0,
            120.0
        ],
        "F_i": [
            7.638576698471783e-14,
            6.462819219804895e-14,
            5.2574410789420313e-14,
            1.7326362106226191e-15,
            2.5004081466239235e-14,
            1.1658471116141885e-14,
            1.0896910617076419e-14,
            1.950493790795858e-14,
            1.8893029690294577e-15,
            -8.492986271863091e-16
        ],
        "F_i_error": [
            1.0630822465457409e-14,
            8.010560929491936e-15,
            1.4820567943533686e-14,
            1.625836672472145e-14,
            7.506356749401724e-15,
            8.567018444636235e-15,
            5.021318111462555e-15,
            6.499402672293859e-15,
            6.358403725683886e-15,
            1.4338540276590903e-14
        ],
        "textbook_var": [
            2.1187664387114815e-17,
            2.1761112604340633e-17,
            2.300649698943159e-17,
            2.6882374735280713e-17,
            3.2103549809169033e-17,
            3.6683022466532586e-17,
            4.1748252917173763e-17,
            5.12904780898081e-17,
            5.541723823749825e-17,
            6.149540712559353e-17
        ],
        "textbook_x": [
            0.8560838343141735,
            0.7841655609779415,
            0.6963347550175557,
            0.4246332622977325,
            0.3445363391232895,
            0.2894204788777972,
            0.24918379125472503,
            0.19438772802515014,
            0.17489669502930114,
            0.14535594550697215
        ],
        "textbook_y": [
            3605.1999686747686,
            2969.8937445486004,
            2285.1984295380225,
            64.45249825152868,
            778.8572171884203,
            317.8165356133994,
            261.01476961671403,
            380.28379992492984,
            34.09233352504122,
            -13.810765175548255
        ],
        "textbook_y_error": [
            501.7458399955824,
            368.1135737468722,
            644.1905497539133,
            604.7965213201123,
            233.81703250952788,
            233.54178223597236,
            120.27612560038318,
            126.7175295366442,
            114.73692893958493,
            233.16440929168843
        ],
        "F_n/F_e": [
            -0.38758388401322674,
            -0.46031466340847915,
            -0.5523072050329263,
            -0.9822428055949946,
            -0.7170386577933703,
            -0.8495295316363592,
            -0.8564339779248329,
            -0.7229405983123689,
            -0.9710893611302452,
            -1.015204777752297
        ],
        "F_n/F_i": [
            0.6328766893874451,
            0.8529315736382215,
            1.2336745447814201,
            55.315202570408,
            2.5340516559670543,
            5.645822338927719,
            5.965436428101551,
            2.60933429404949,
            33.589342854203124,
            -66.76880085267469
        ],
        "F_e/F_i": [
            1.6328766893874451,
            1.8529315736382215,
            2.23367454478142,
            56.315202570408,
            3.5340516559670543,
            6.645822338927719,
            6.965436428101551,
            3.60933429404949,
            34.589342854203124,
            -65.76880085267469
        ],