{
    "pos": {
        "P": [
            23.0,
            30.0,
            40.0,
            50.0,
            60.0,
            70.0,
            90.0,
            100.0,
            120.0
        ],
        "F_i": [
            6.117322255710144e-14,
            1.0530743755677748e-14,
            5.334946042791899e-14,
            4.045476849802471e-14,
            1.8867176001182417e-14,
            1.3019114553662815e-14,
            1.8037846878360155e-14,
            1.948273498884587e-14,
            1.850990582264812e-14
        ],
        "F_i_error": [
            1.346145236729166e-14,
            4.079423880257196e-14,
            4.2545734193371795e-15,
            6.144615661282364e-15,
            5.426110737782406e-15,
            6.223862651517425e-15,
            7.272109321132109e-15,
            6.490243143386356e-15,
            6.0636753405801946e-15
        ],
        "textbook_var": [
            2.5402731643612708e-17,
            2.6975822313837673e-17,
            2.922158760598434e-17,
            3.442942475616471e-17,
            3.933821021200823e-17,
            4.47582756116754e-17,
            5.506862576366662e-17,
            5.953431295893628e-17,
            6.653312543581602e-17
        ],
        "textbook_x": [
            0.6002045764465215,
            0.47310713417188305,
            0.3625315960597756,
            0.29330977953646253,
            0.2459104659954208,
            0.21142808001551958,
            0.16463229165995494,
            0.14803217774228708,
            0.12291756768860823
        ],
        "textbook_y": [
            2408.1356058604392,
            390.3771174484582,
            1825.6865830586653,
            1175.0056466099145,
            479.6144994777392,
            290.8761424728954,
            327.55215203247786,
            327.2522016384747,
            278.2058666476518
        ],
        "textbook_y_error": [
            529.9214492421103,
            1512.2519094309837,
            145.59692911640016,
            178.46989035685672,
            137.93486558079482,
            139.05501421716752,
            132.05539851931675,
            109.01684794553678,
            91.13768969758942
        ]
    },
    "neg": {
        "P": [
            23.0,
            30.0,
            40.0,
            50.0,
            60.0,
            70.0,
            90.0,
            100.0,
            120.0
        ],
        "F_i": [
            6.117322255710144e-14,
            6.534050344081766e-15,
            -1.9540615047912503e-14,
            9.634817154623367e-15,
            -4.175084587761835e-15,
            3.1322377390217866e-16,
            1.7776873564071673e-16,
            -6.50731810969899e-15,
            -1.0135773758087819e-14
        ],
        "F_i_error": [
            1.346145236729166e-14,
            2.823339495721882e-14,
            8.297878163044864e-15,
            7.406078662591933e-15,
            9.55577287254213e-15,
            6.277843990972255e-15,
            6.349908584456112e-15,
            1.0857782416873043e-14,
            9.649744299396582e-15
        ],
        "textbook_var": [
            2.5402731643612708e-17,
            2.6975822313837673e-17,
            2.922158760598434e-17,
            3.442942475616471e-17,
            3.933821021200823e-17,
            4.47582756116754e-17,
            5.506862576366662e-17,
            5.953431295893628e-17,
            6.653312543581602e-17
        ],
        "textbook_x": [
            0.6002045764465215,
            0.47310713417188305,
            0.3625315960597756,
            0.29330977953646253,
            0.2459104659954208,
            0.21142808001551958,
            0.16463229165995494,
            0.14803217774228708,
            0.12291756768860823
        ],
        "textbook_y": [
            2408.1356058604392,
            242.2187641979693,
            -668.7047709861852,
            279.8425249001065,
            -106.13305906040851,
            6.998119780567972,
            3.2281309579729087,
            -109.30365676996063,
            -152.34176497338487
        ],
        "textbook_y_error": [
            529.9214492421103,
            1046.6185100402317,
            283.9639746796484,
            215.10898642783303,
            242.9132596791394,
            140.26107809512328,
            115.30900755917679,
            182.37856249995167,
            145.0366901627914
        ]
    }
}