{
    "pos": {
        "P": [
            18.0,
            20.0,
            23.0,
            40.0,
            50.0,
            60.0,
            70.0,
            90.0,
            100.0,
            120.0
        ],
        "F_i": [
            8.069865074084207e-14,
            7.022780465781196e-14,
            5.851839124178178e-14,
            8.617927677378607e-14,
            5.970068302340327e-14,
            4.6723146411907366e-14,
            4.4339923421417603e-14,
            2.7842380940931602e-14,
            3.490622811727218e-14,
            2.1729090796455508e-14
        ],
        "F_i_error": [
            7.862694170740781e-15,
            8.22908415403156e-15,
            8.937413832656394e-15,
            4.212308606475526e-15,
            7.8288298862463e-15,
            7.230771343481752e-15,
            4.511187478420972e-15,
            7.5983360386411e-15,
            1.5369386117749142e-14,
            5.373386234203408e-15
        ],
        "textbook_var": [
            2.409287035266739e-17,
            2.4841963906546462e-17,
            2.6392397807784786e-17,
            3.168048380726068e-17,
            3.772338825494678e-17,
            4.3439556498876164e-17,
            4.9611421503964657e-17,
            6.122557337336112e-17,
            6.623718934138314e-17,
            7.399992243116927e-17
        ],
        "textbook_x": [
            0.8560838343141733,
            0.7841655609779414,
            0.6963347550175556,
            0.4246332622977325,
            0.3445363391232895,
            0.28942047887779726,
            0.24918379125472503,
            0.19438772802515014,
            0.17489669502930114,
            0.14535594550697215
        ],
        "textbook_y": [
            3349.4826294911636,
            2826.98279902521,
            2217.244210547668,
            2720.2639106804013,
            1582.590689360321,
            1075.5898581311749,
            893.7442644709186,
            454.75084032525626,
            526.9883650613137,
            293.6366699122791
        ],
        "textbook_y_error": [
            326.34941605744706,
            331.2573911220842,
            338.63591696924885,
            132.96225626169667,
            207.53252155762235,
            166.45592004763725,
            90.93042169856923,
            124.10395885238196,
            232.0356022133744,
            72.61340360459758
        ]
    },
    "neg": {
        "P": [
            18.0,
            20.0,
            23.0,
            40.0,
            50.0,
            60.0,
            70.0,
            90.0,
            100.0,
            120.0
        ],
        "F_i": [
            7.628374762783028e-14,
            6.451923152969298e-14,
            5.244810559667971e-14,
            1.1118552911682247e-14,
            2.6403939624794823e-14,
            1.4522587856251707e-14,
            1.369121020657455e-14,
            2.208335263888064e-14,
            4.27834033146397e-15,
            2.801495738901461e-15
        ],
        "F_i_error": [
            1.0630822465457409e-14,
            8.010560929491936e-15,
            1.4820567943533686e-14,
            1.625836672472145e-14,
            7.506356749401724e-15,
            8.567018444636235e-15,
            5.021318111462555e-15,
            6.499402672293859e-15,
            6.358403725683886e-15,
            1.4338540276590903e-14
        ],
        "textbook_var": [
            2.409287035266739e-17,
            2.4841963906546462e-17,
            2.6392397807784786e-17,
            3.168048380726068e-17,
            3.772338825494678e-17,
            4.3439556498876164e-17,
            4.9611421503964657e-17,
            6.122557337336112e-17,
            6.623718934138314e-17,
            7.399992243116927e-17
        ],
        "textbook_x": [
            0.8560838343141733,
            0.7841655609779414,
            0.6963347550175556,
            0.4246332622977325,
            0.3445363391232895,
            0.28942047887779726,
            0.24918379125472503,
            0.19438772802515014,
            0.17489669502930114,
            0.14535594550697215
        ],
        "textbook_y": [
            3166.237418423027,
            2597.187234165918,
            1987.242916640543,
            350.95906297788434,
            699.935526637971,
            334.31712997869636,
            275.9689158570155,
            360.6883761498422,
            64.59121188572207,
            37.85809020958449
        ],
        "textbook_y_error": [
            441.2435010791664,
            322.46085533442704,
            561.5468534337627,
            513.1981829455295,
            198.98416066635775,
            197.21698689207093,
            101.21294571374618,
            106.15503153657211,
            95.99446759301625,
            193.76426090078456
        ]
    }
}