{
    "pos": {
        "P": [
            23.0,
            30.0,
            40.0,
            50.0,
            60.0,
            70.0,
            90.0,
            100.0,
            120.0
        ],
        "F_i": [
            6.635578406792139e-14,
            1.5431716277196644e-14,
            5.806061065577648e-14,
            4.42369814607247e-14,
            2.217285745921518e-14,
            1.6236162186180494e-14,
            2.1046149859576733e-14,
            2.2308829946050848e-14,
            2.1184904579444763e-14
        ],
        "F_i_error": [
            1.346145236729166e-14,
            4.079423880257196e-14,
            4.2545734193371795e-15,
            6.144615661282364e-15,
            5.426110737782406e-15,
            6.223862651517425e-15,
            7.272109321132109e-15,
            6.490243143386356e-15,
            6.0636753405801946e-15
        ],
        "textbook_var": [
            2.3276545392468265e-17,
            2.4637901196462337e-17,
            2.656454887051399e-17,
            3.143450466336406e-17,
            3.599540214108402e-17,
            4.1063096124624585e-17,
            5.0664020646969176e-17,
            5.477725193239476e-17,
            6.110178488401474e-17
        ],
        "textbook_x": [
            0.6290688061593719,
            0.49661919303737495,
            0.38107018560992684,
            0.30857562679145123,
            0.2588623329771185,
            0.22265881755026878,
            0.1734763250923958,
            0.15601551502649338,
            0.1295848930166759
        ],
        "textbook_y": [
            2850.757401886301,
            626.3405374566737,
            2185.6426374408475,
            1407.2746472217052,
            615.9913805743478,
            395.39546986190464,
            415.4062309074903,
            407.26449683135,
            346.71498745345315
        ],
        "textbook_y_error": [
            578.3269011924538,
            1655.7513757880258,
            160.1598220273055,
            195.47359588088955,
            150.7445511100212,
            151.56827514000142,
            143.53596947634162,
            118.48427795166714,
            99.23892325061284
        ],
        "F_n/F_e": [
            -0.3880744782391319,
            -0.8491796552783,
            -0.4039995147499432,
            -0.4556880113608382,
            -0.6950071123086836,
            -0.7729191336231083,
            -0.688313064177866,
            -0.649127190330196,
            -0.6405340249707352
        ],
        "F_n/F_i": [
            0.6341858027467367,
            5.630405213867145,
            0.6778509829240189,
            0.8371816547713876,
            2.2787649822578846,
            3.403717565267147,
            2.208347495740584,
            1.850035603901796,
            1.7819044623586084
        ],
        "F_e/F_i": [
            1.6341858027467366,
            6.630405213867145,
            1.677850982924019,
            1.8371816547713875,
            3.2787649822578846,
            4.403717565267147,
            3.208347495740584,
            2.8500356039017958,
            2.7819044623586087
        ]
    },
    "neg": {
        "P": [
            23.0,
            30.0,
            40.0,
            50.0,
            60.0,
            70.0,
            90.0,
            100.0,
            120.0
        ],
        "F_i": [
            7.205178064299301e-14,
            1.6811969932270364e-14,
            -9.707565038755039e-15,
            1.7688725943360873e-14,
            2.9514355772923766e-15,
            7.288143983717046e-15,
            6.735481439964606e-15,
            -3.387527762825361e-16,
            -4.361590649355635e-15
        ],
        "F_i_error": [
            1.346145236729166e-14,
            2.823339495721882e-14,
            8.297878163044864e-15,
            7.406078662591933e-15,
            9.55577287254213e-15,
            6.277843990972255e-15,
            6.349908584456112e-15,
            1.0857782416873043e-14,
            9.649744299396582e-15
        ],
        "textbook_var": [
            2.3532335786673988e-17,
            2.4855646096903012e-17,
            2.6747782601348506e-17,
            3.161176687973918e-17,
            3.6166816110983083e-17,
            4.12321024544923e-17,
            5.082759862508132e-17,
            5.493674617512911e-17,
            6.125040103308073e-17
        ],
        "textbook_x": [
            0.657528114077991,
            0.5198660636970751,
            0.3994478295766248,
            0.3237349543662472,
            0.2717392498695517,
            0.23383437009252167,
            0.18228738017387822,
            0.1639724183164026,
            0.1362343176001722
        ],
        "textbook_y": [
            3061.8201820745253,
            676.3843461049728,
            -362.92971209754137,
            559.5614446561684,
            81.60617645289736,
            176.75897055603556,
            132.51622390519398,
            -6.166232983705464,
            -71.2091770142041
        ],
        "textbook_y_error": [
            572.0406375857801,
            1135.89463122975,
            310.2267685780623,
            234.28233830671087,
            264.21382637661173,
            152.25621826830405,
            124.93032832998517,
            197.64152726228556,
            157.54581417654475
        ],
        "F_n/F_e": [
            -0.3687070929034724,
            -0.8438934478206822,
            -1.0946719739945179,
            -0.7932184729797677,
            -0.9614294420274626,
            -0.9031570411445764,
            -0.905231198136745,
            -1.0050617963882464,
            -1.0703101724662454
        ],
        "F_n/F_i": [
            0.5840507453176493,
            5.405881021901705,
            -11.562788096695932,
            3.8360219329561085,
            24.926511115343718,
            9.32599594042656,
            9.551995808102893,
            -198.5583218483488,
            -15.222693031795373
        ],
        "F_e/F_i": [
            1.5840507453176493,
            6.405881021901705,
            -10.562788096695932,
            4.8360219329561085,
            25.926511115343718,
            10.32599594042656,
            10.551995808102893,
            -197.5583218483488,
            -14.222693031795373
        ]
    }
}