{
    "pos": {
        "P": [
            18.0,
            20.0,
            23.0,
            40.0,
            50.0,
            60.0,
            70.0,
            90.0,
            100.0,
            120.0
        ],
        "F_i": [
            9.200635986026595e-14,
            8.108331944826723e-14,
            6.916152437020731e-14,
            9.589314284018804e-14,
            6.785060107408062e-14,
            5.401714359997836e-14,
            5.148450699156249e-14,
            3.4468861601261654e-14,
            4.1057542368316126e-14,
            2.7134770043286855e-14
        ],
        "F_i_error": [
            7.862694170740781e-15,
            8.22908415403156e-15,
            8.937413832656394e-15,
            4.212308606475526e-15,
            7.8288298862463e-15,
            7.230771343481752e-15,
            4.511187478420972e-15,
            7.5983360386411e-15,
            1.5369386117749142e-14,
            5.373386234203408e-15
        ],
        "textbook_var": [
            2.4696743572264018e-17,
            2.541783247263504e-17,
            2.6942046428270853e-17,
            3.2098556255814214e-17,
            3.813171433956728e-17,
            4.3837571658619565e-17,
            5.000500531447233e-17,
            6.160757822448832e-17,
            6.661022080933237e-17,
            7.434838981158709e-17
        ],
        "textbook_x": [
            0.9188630421494638,
            0.8427273039203689,
            0.7495285469100014,
            0.4594882154449642,
            0.37342362176109856,
            0.31403987623771984,
            0.27060230059184487,
            0.21133004387556892,
            0.19021414877929743,
            0.15817816150925457
        ],
        "textbook_y": [
            3725.445000109036,
            3190.0170691408052,
            2567.0479246756354,
            2987.4596874686013,
            1779.3745245719417,
            1232.2111274919864,
            1029.5870716898407,
            559.4906112956193,
            616.3850212393199,
            364.96782394415675
        ],
        "textbook_y_error": [
            318.36967281674646,
            323.7523956022226,
            331.727356214418,
            131.23046946114667,
            205.31019970751052,
            164.94461417230445,
            90.21471850769618,
            123.33443802893792,
            230.73615326607393,
            72.27306802232822
        ],
        "F_n/F_e": [
            -0.32315531441463813,
            -0.37866317811254896,
            -0.459468461802742,
            -0.17810721061596924,
            -0.30704937613486366,
            -0.3836350142785498,
            -0.4002314266076704,
            -0.5669998666369481,
            -0.4443431190503068,
            -0.5819878173599584
        ],
        "F_n/F_i": [
            0.477443823223877,
            0.6094330237217779,
            0.8500308110330218,
            0.21670370261972008,
            0.4431042639404887,
            0.6224153272261371,
            0.6673097664052915,
            1.3094681108597792,
            0.7996717655882601,
            1.392274774587418
        ],
        "F_e/F_i": [
            1.4774438232238771,
            1.609433023721778,
            1.8500308110330217,
            1.21670370261972,
            1.4431042639404887,
            1.622415327226137,
            1.6673097664052916,
            2.3094681108597794,
            1.7996717655882601,
            2.392274774587418
        ]
    },
    "neg": {
        "P": [
            18.0,
            20.0,
            23.0,
            40.0,
            50.0,
            60.0,
            70.0,
            90.0,
            100.0,
            120.0
        ],
        "F_i": [
            8.080722863346932e-14,
            6.886182178953607e-14,
            5.670574919397194e-14,
            1.5004284231149748e-14,
            2.966410974287945e-14,
            1.744038010377351e-14,
            1.6549229747263963e-14,
            2.4734099191309983e-14,
            6.7389982205371815e-15,
            4.963848987958833e-15
        ],
        "F_i_error": [
            1.0630822465457409e-14,
            8.010560929491936e-15,
            1.4820567943533686e-14,
            1.625836672472145e-14,
            7.506356749401724e-15,
            8.567018444636235e-15,
            5.021318111462555e-15,
            6.499402672293859e-15,
            6.358403725683886e-15,
            1.4338540276590903e-14
        ],
        "textbook_var": [
            2.433442163479463e-17,
            2.5072313341797767e-17,
            2.661225951377897e-17,
            3.184771344814911e-17,
            3.788671983854439e-17,
            4.3598763922870895e-17,
            4.9768856516576816e-17,
            6.137837674428972e-17,
            6.63864032136488e-17,
            7.41393101410815e-17
        ],
        "textbook_x": [
            0.8814297101596156,
            0.8077944773604933,
            0.7177806866286132,
            0.43864527810479664,
            0.35613825573787217,
            0.2993016312972096,
            0.25777595499917766,
            0.2011795902672522,
            0.18103568757698632,
            0.15049300489920878
        ],
        "textbook_y": [
            3320.6964951214177,
            2746.528445571766,
            2130.813024899728,
            471.1259492954823,
            782.9685406731993,
            400.0200587022765,
            332.52179988808484,
            402.97740838529256,
            101.51172370115194,
            66.952996710018
        ],
        "textbook_y_error": [
            436.863576418718,
            319.49827765344736,
            556.9075386424844,
            510.5034228341544,
            198.12632979023604,
            196.49681949221906,
            100.89277638496826,
            105.89075529597685,
            95.77870494385546,
            193.39996891400455
        ],
        "F_n/F_e": [
            -0.37431491553175855,
            -0.44459665001343884,
            -0.5335373345511059,
            -0.8646377453985962,
            -0.68111934895813,
            -0.7905362301891178,
            -0.7970765612902546,
            -0.6729548407590225,
            -0.9040021132094196,
            -0.9195101548271654
        ],
        "F_n/F_i": [
            0.5982481040760018,
            0.8004932811878007,
            1.143794292813688,
            6.38758380572681,
            2.135969513147717,
            3.7740953048962416,
            3.92796695324272,
            2.057681704633235,
            9.416895969611307,
            11.42392748865046
        ],
        "F_e/F_i": [
            1.5982481040760017,
            1.8004932811878007,
            2.1437942928136877,
            7.38758380572681,
            3.135969513147717,
            4.774095304896242,
            4.92796695324272,
            3.057681704633235,
            10.416895969611307,
            12.42392748865046
        ]
    }
}