{
    "pos": {
        "P": [
            23.0,
            30.0,
            40.0,
            50.0,
            60.0,
            70.0,
            90.0,
            100.0,
            120.0
        ],
        "F_i": [
            8.536831932269768e-14,
            2.641491646100843e-14,
            6.479874480956829e-14,
            5.724043219704082e-14,
            3.2374491104165755e-14,
            2.6459355494781812e-14,
            3.267393847189206e-14,
            3.229417595462507e-14,
            2.7765212541898105e-14
        ],
        "F_i_error": [
            1.346145236729166e-14,
            4.079423880257196e-14,
            4.2545734193371795e-15,
            6.144615661282364e-15,
            5.426110737782406e-15,
            6.223862651517425e-15,
            7.272109321132109e-15,
            6.490243143386356e-15,
            6.0636753405801946e-15
        ],
        "textbook_var": [
            2.3317804718201308e-17,
            2.422507403413797e-17,
            2.5825259511547e-17,
            3.0735651904806753e-17,
            3.492578957693026e-17,
            3.973040669953635e-17,
            4.4297027092223536e-17,
            5.0627071160662686e-17,
            5.822359317951653e-17
        ],
        "textbook_x": [
            0.638779169841352,
            0.5045438951696898,
            0.387329640212448,
            0.3137360138694763,
            0.2632440399488977,
            0.22646049321551076,
            0.17647247623148207,
            0.1587208424088655,
            0.1318452121097097
        ],
        "textbook_y": [
            3661.078748809542,
            1090.3956959547174,
            2509.1226975123113,
            1862.3464494692882,
            926.9508720155111,
            665.9724300051172,
            737.610187786802,
            637.8835515122133,
            476.87219262287135
        ],
        "textbook_y_error": [
            577.3035896807206,
            1683.967559607237,
            164.74465309573648,
            199.91818232172932,
            155.36114726427107,
            156.65237707194316,
            164.16698362154304,
            128.19708892086345,
            104.14464325285644
        ],
        "F_n/F_e": [
            -0.3301830131713724,
            -0.7668622011584907,
            -0.37786348627378213,
            -0.3928343616782919,
            -0.6094811363467995,
            -0.6762299027230648,
            -0.5871956612402707,
            -0.5610194684191168,
            -0.5761986638747904
        ],
        "F_n/F_i": [
            0.4929451173441942,
            3.2893087477411402,
            0.6073642648148243,
            0.6469970250031634,
            1.560695764207815,
            2.088611358524117,
            1.4224551587914511,
            1.2780053511683982,
            1.3595961474377134
        ],
        "F_e/F_i": [
            1.4929451173441943,
            4.28930874774114,
            1.6073642648148243,
            1.6469970250031634,
            2.560695764207815,
            3.088611358524117,
            2.422455158791451,
            2.278005351168398,
            2.3595961474377134
        ],
        "z": [
            0.4489239905680507,
            0.41194154540869,
            0.3890986366763843,
            0.35635173498973843,
            0.31464716030489986,
            0.31157854290903,
            0.31514040623081496,
            0.31028035817383154,
            0.3601694186047412
        ],
        "dz": [
            0.04741591759139641,
            0.1483193720238947,
            0.01589405931454623,
            0.023226185062049723,
            0.0205945134346121,
            0.02372930489216213,
            0.028953912383900344,
            0.027373876528794625,
            0.03333527901104981
        ]
    },
    "neg": {
        "P": [
            23.0,
            30.0,
            40.0,
            50.0,
            60.0,
            70.0,
            90.0,
            100.0,
            120.0
        ],
        "F_i": [
            1.6461927966768714e-13,
            9.285172560531927e-14,
            5.662230802075939e-14,
            8.512062739518457e-14,
            6.104180756184526e-14,
            6.48278632371265e-14,
            6.418094080005742e-14,
            5.232730325349576e-14,
            4.0108266348296114e-14
        ],
        "F_i_error": [
            1.346145236729166e-14,
            2.823339495721882e-14,
            8.297878163044864e-15,
            7.406078662591933e-15,
            9.55577287254213e-15,
            6.277843990972255e-15,
            6.349908584456112e-15,
            1.0857782416873043e-14,
            9.649744299396582e-15
        ],
        "textbook_var": [
            2.824360797163184e-17,
            2.8967485791487746e-17,
            3.044148642918089e-17,
            3.65010583631904e-17,
            4.1550685220220775e-17,
            4.743975422321634e-17,
            5.2280184297777297e-17,
            6.025194951915226e-17,
            6.924413517940055e-17
        ],
        "textbook_x": [
            0.7503044916587425,
            0.5960843596219408,
            0.4600327932037768,
            0.3738923129533209,
            0.3144540816679129,
            0.2709755161893548,
            0.21164574515525753,
            0.19050891330778394,
            0.1584407091926102
        ],
        "textbook_y": [
            5828.549944222154,
            3205.3774453771975,
            1860.0375560663108,
            2332.004364043995,
            1469.092681343774,
            1366.530335129786,
            1227.6341727201234,
            868.4748571805547,
            579.2297967818064
        ],
        "textbook_y_error": [
            476.6194312289165,
            974.6581101462164,
            272.58452646026524,
            202.900381377999,
            229.97870725587413,
            132.33297882264253,
            121.45918515298884,
            180.20632533096185,
            139.35829040821474
        ],
        "F_n/F_e": [
            -0.2035880831940241,
            -0.4946438787046275,
            -0.6646965012427991,
            -0.44356499325635845,
            -0.5465311261364326,
            -0.5118275881377736,
            -0.5006082782126783,
            -0.5624422765828865,
            -0.6234086603035935
        ],
        "F_n/F_i": [
            0.2556316384748708,
            0.9788025866525839,
            1.9823726972921256,
            0.7971550816908181,
            1.2052230211083117,
            1.0484566020134365,
            1.0024360764752018,
            1.285412750094971,
            1.6553982914375078
        ],
        "F_e/F_i": [
            1.255631638474871,
            1.9788025866525838,
            2.9823726972921256,
            1.7971550816908182,
            2.2052230211083117,
            2.0484566020134363,
            2.0024360764752016,
            2.285412750094971,
            2.655398291437508
        ],
        "z": [
            0.5166811158827619,
            0.4740660928646143,
            0.447688244567355,
            0.41034668654399364,
            0.36256859788838136,
            0.3593030404964695,
            0.363127381446881,
            0.35794453607912813,
            0.41550773881013875
        ],
        "dz": [
            0.03364895338311015,
            0.07284664397672994,
            0.02199850977511673,
            0.019866386492005176,
            0.025738077409306774,
            0.016985679940954027,
            0.017941623174646697,
            0.032498541627338076,
            0.03764708552210711
        ]
    }
}