{
    "pos": {
        "P": [
            23.0,
            30.0,
            40.0,
            50.0,
            60.0,
            70.0,
            90.0,
            100.0,
            120.0
        ],
        "F_i": [
            6.065873870685196e-14,
            1.0053990189082405e-14,
            5.2938202090443024e-14,
            3.996473114342925e-14,
            1.8351489259144886e-14,
            1.2477777238421303e-14,
            1.749630388986281e-14,
            1.8965976992937775e-14,
            1.808546161614035e-14
        ],
        "F_i_error": [
            1.346145236729166e-14,
            4.079423880257196e-14,
            4.2545734193371795e-15,
            6.144615661282364e-15,
            5.426110737782406e-15,
            6.223862651517425e-15,
            7.272109321132109e-15,
            6.490243143386356e-15,
            6.0636753405801946e-15
        ],
        "textbook_var": [
            2.3020749000987224e-17,
            2.4420152558483727e-17,
            2.6381313333440265e-17,
            3.125723932531312e-17,
            3.582398446816461e-17,
            4.08940857181944e-17,
            5.0500438642918414e-17,
            5.4617753987965375e-17,
            6.095316634741024e-17
        ],
        "textbook_x": [
            0.6002045764465215,
            0.47310713417188305,
            0.3625315960597756,
            0.29330977953646253,
            0.2459104659954208,
            0.21142808001551958,
            0.16463229165995494,
            0.14803217774228708,
            0.12291756768860823
        ],
        "textbook_y": [
            2634.9593883435623,
            411.708737896053,
            2006.6552950318792,
            1278.5752038909118,
            512.2682340221855,
            305.1242501032307,
            346.45845382803,
            347.24930280210333,
            296.71078140649803
        ],
        "textbook_y_error": [
            584.7530141923,
            1670.5153133205863,
            161.2722371158146,
            196.58216125012217,
            151.46586339675258,
            152.194688845882,
            144.00091398318705,
            118.83028263696882,
            99.48089170658525
        ]
    },
    "neg": {
        "P": [
            23.0,
            30.0,
            40.0,
            50.0,
            60.0,
            70.0,
            90.0,
            100.0,
            120.0
        ],
        "F_i": [
            6.065873870685196e-14,
            6.057296777486423e-15,
            -1.995187338538847e-14,
            9.14477980002791e-15,
            -4.690771329799366e-15,
            -2.281135413393326e-16,
            -3.6377425285662786e-16,
            -7.024076105607084e-15,
            -1.0560217964595588e-14
        ],
        "F_i_error": [
            1.346145236729166e-14,
            2.823339495721882e-14,
            8.297878163044864e-15,
            7.406078662591933e-15,
            9.55577287254213e-15,
            6.277843990972255e-15,
            6.349908584456112e-15,
            1.0857782416873043e-14,
            9.649744299396582e-15
        ],
        "textbook_var": [
            2.3020749000987224e-17,
            2.4420152558483727e-17,
            2.6381313333440265e-17,
            3.125723932531312e-17,
            3.582398446816461e-17,
            4.08940857181944e-17,
            5.0500438642918414e-17,
            5.4617753987965375e-17,
            6.095316634741024e-17
        ],
        "textbook_x": [
            0.6002045764465215,
            0.47310713417188305,
            0.3625315960597756,
            0.29330977953646253,
            0.2459104659954208,
            0.21142808001551958,
            0.16463229165995494,
            0.14803217774228708,
            0.12291756768860823
        ],
        "textbook_y": [
            2634.9593883435623,
            248.0450014789968,
            -756.2881018549593,
            292.56517841683393,
            -130.9394083164555,
            -5.578154819532777,
            -7.2033879830000105,
            -128.604264964004,
            -173.25134357100166
        ],
        "textbook_y_error": [
            584.7530141923,
            1156.1514568593614,
            314.53620440217776,
            236.93962814541499,
            266.7423240157436,
            153.51471687699686,
            125.73967187404912,
            198.7958424519887,
            158.31407747378782
        ]
    }
}