{
    "pos": {
        "P": [
            18.0,
            20.0,
            23.0,
            40.0,
            50.0,
            60.0,
            70.0,
            90.0,
            100.0,
            120.0
        ],
        "F_i": [
            5.91991583633481e-14,
            4.9623847725347804e-14,
            3.83740788859801e-14,
            5.990632319929015e-14,
            4.3128811267012605e-14,
            3.062333495181806e-14,
            2.8607022128221026e-14,
            1.4681707958285e-14,
            2.1925529146576135e-14,
            8.527801036471464e-15
        ],
        "F_i_error": [
            7.862694170740781e-15,
            8.22908415403156e-15,
            8.937413832656394e-15,
            4.212308606475526e-15,
            7.8288298862463e-15,
            7.230771343481752e-15,
            4.511187478420972e-15,
            7.5983360386411e-15,
            1.5369386117749142e-14,
            5.373386234203408e-15
        ],
        "textbook_var": [
            2.023261704358831e-17,
            2.0751235800895263e-17,
            2.1862002665102088e-17,
            2.570702052773046e-17,
            3.044125570126365e-17,
            3.466528009684977e-17,
            3.929524520312553e-17,
            4.499561771239897e-17,
            5.0541286512353955e-17,
            5.78972465943081e-17
        ],
        "textbook_x": [
            0.8637140674230602,
            0.7912768507896488,
            0.7027865956472554,
            0.4288429103467757,
            0.3480203535331133,
            0.2923868124310333,
            0.2517625641003234,
            0.19642552135750538,
            0.17673839543503977,
            0.1468968018005119
        ],
        "textbook_y": [
            2925.926894964299,
            2391.36831181914,
            1755.2865340756698,
            2330.3487517998637,
            1416.7881801676888,
            883.4007648650436,
            728.0021280016248,
            326.29195252139664,
            433.81422713125465,
            147.29199639192922
        ],
        "textbook_y_error": [
            388.61478739016906,
            396.55875115045126,
            408.8103898607159,
            163.8582970722593,
            257.178283414942,
            208.588285549115,
            114.80237507366805,
            168.86835707441142,
            304.0956647194241,
            92.80901165914283
        ],
        "F_n/F_e": [
            -0.4259588361179758,
            -0.4989448812432843,
            -0.6050566653267917,
            -0.25754422183407266,
            -0.4107578911944056,
            -0.5233309176759156,
            -0.5456544299477271,
            -0.7545586563103707,
            -0.5995928541189304,
            -0.815841505757826
        ],
        "F_n/F_i": [
            0.7420353502828554,
            0.9957884124232327,
            1.532008802800633,
            0.3468815644081572,
            0.6970952772316631,
            1.097891466180947,
            1.2009678665623367,
            3.0742932098047056,
            1.4974579257309848,
            4.430105215157601
        ],
        "F_e/F_i": [
            1.7420353502828554,
            1.9957884124232326,
            2.532008802800633,
            1.346881564408157,
            1.697095277231663,
            2.097891466180947,
            2.200967866562337,
            4.074293209804706,
            2.497457925730985,
            5.430105215157601
        ],
        "z": [
            0.35329282193915007,
            0.3427160526140358,
            0.34077468402097544,
            0.2960223596745342,
            0.27129194722658073,
            0.2397626329443684,
            0.23755311128750184,
            0.24088841848820225,
            0.23736064120555692,
            0.27617378092467465
        ],
        "dz": [
            0.02693603707830992,
            0.0284761333721756,
            0.031345558786741425,
            0.015454061060964924,
            0.02901750353937413,
            0.026985509761980896,
            0.01702022296399733,
            0.030598881773294992,
            0.06662189229315917,
            0.03204683912041449
        ]
    },
    "neg": {
        "P": [
            18.0,
            20.0,
            23.0,
            40.0,
            50.0,
            60.0,
            70.0,
            90.0,
            100.0,
            120.0
        ],
        "F_i": [
            1.2380378617071998e-13,
            1.1022466904474657e-13,
            9.743997792664716e-14,
            3.879880313706008e-14,
            5.894676936935273e-14,
            4.164765233412977e-14,
            4.0455590447125273e-14,
            4.9111844775601473e-14,
            2.825822617329786e-14,
            2.0819984664765395e-14
        ],
        "F_i_error": [
            1.0630822465457409e-14,
            8.010560929491936e-15,
            1.4820567943533686e-14,
            1.625836672472145e-14,
            7.506356749401724e-15,
            8.567018444636235e-15,
            5.021318111462555e-15,
            6.499402672293859e-15,
            6.358403725683886e-15,
            1.4338540276590903e-14
        ],
        "textbook_var": [
            2.1763345809795662e-17,
            2.2404407553586754e-17,
            2.385441456362022e-17,
            2.7337909286029535e-17,
            3.3282328840313285e-17,
            3.832573129277578e-17,
            4.401507192126996e-17,
            4.938676600340864e-17,
            5.65584387851606e-17,
            6.463574692851079e-17
        ],
        "textbook_x": [
            0.8710725430013715,
            0.7981365535486707,
            0.7090121953764232,
            0.4329096437161183,
            0.35138736473456245,
            0.29525429604936493,
            0.2542558953434945,
            0.19839633010590266,
            0.17851972782320516,
            0.14838736625069995
        ],
        "textbook_y": [
            5688.637549240982,
            4919.776110174382,
            4084.7775855816003,
            1419.2308099027673,
            1771.1131228880035,
            1086.675998847285,
            919.1303951402929,
            994.4333016705691,
            499.62882251113433,
            322.11254072445337
        ],
        "textbook_y_error": [
            488.4737189937259,
            357.54397478854617,
            621.2924615696153,
            594.7187312173118,
            225.53580266022834,
            223.5317671877295,
            114.08178817574621,
            131.60211121832265,
            112.42183946831571,
            221.8360730394249
        ],
        "F_n/F_e": [
            -0.2808233404646499,
            -0.33337805172181745,
            -0.39962930433260857,
            -0.7118328547967165,
            -0.5180480839944122,
            -0.6124693391825266,
            -0.6163907633225965,
            -0.5089146914768684,
            -0.6919032323988661,
            -0.7314473340384716
        ],
        "F_n/F_i": [
            0.3904789410797702,
            0.5001006231236451,
            0.6656375922685029,
            2.470208233817093,
            1.074895786882619,
            1.5804409846966894,
            1.6068193995051032,
            1.0363060809278861,
            2.245733500504014,
            2.723664393423878
        ],
        "F_e/F_i": [
            1.3904789410797702,
            1.5001006231236451,
            1.665637592268503,
            3.470208233817093,
            2.0748957868826188,
            2.5804409846966894,
            2.606819399505103,
            2.0363060809278863,
            3.245733500504014,
            3.723664393423878
        ],