{"pressure": 12, "current": "1p5mA", "polarity": "neg", "alpha": 0.03, "epsilon": 4, "iterations": 40, "framerate": 0.01, "pixelsize": 1.47e-05, "x": [1022.9333333333334, 1100.9333333333334, 679.208279236992, 690.0440516273849, 792.8222222222221, 669.0853696741855, 764.9157509157509, 672.3333333333334, 657.9020310633214, 549.7166666666667, 657.9848484848485, 468.3237628384688, 563.2684989429176, 663.2559339525284, 854.1178104575164, 710.5555555555555, 840.0392156862745, 931.6636904761905, 91.91965811965811, 91.87094017094016, 918.8265656565658, 1008.848544973545, 1270.301212121212, 957.1532828282828, 854.2107843137255, 1387.462015109074, 737.5218253968254, 809.510027100271, 991.9734848484849, 1108.0370370370372, 1180.3809523809523, 91.95079365079364, 827.492258161126, 347.1923076923077, 621.8000000000001, 690.2698412698413, 1338.027569452711, 1458.1575140646976, 1100.9444444444443, 1101.1666666666667, 1337.2941176470588, 1244.9633068081341, 1370.8139592123769, 1414.8899568242443, 1507.7117117117116, 876.9824561403508, 912.9629629629629, 809.1777777777779, 241.02976190476193, 241.13333333333333, 809.0416666666666, 809.2380952380951, 1131.625, 86.40427350427349], "y": [91.05555555555556, 136.16666666666666, 52.58260927460967, 11.192340067340067, 11.544444444444444, 45.31939223057643, 49.10683760683761, 80.0, 81.27956989247312, 88.91190476190475, 88.65656565656566, 21.572829131652657, 20.089337019569573, 19.44427244582043, 97.72598039215687, 18.54206349206349, 79.70868347338936, 82.27976190476191, 241.2871794871795, 241.14914529914532, 97.97222222222223, 98.72486772486774, 24.19030303030303, 19.214898989898987, 30.132352941176475, 100.12138188608776, 29.31547619047619, 25.46449864498645, 61.24715909090909, 124.08333333333333, 140.44017094017093, 241.2404761904762, 39.19061096136568, 260.10256410256414, 39.91111111111111, 42.13139329805997, 20.604367551552187, 19.604662447257386, 136.13888888888889, 135.94444444444446, 34.69607843137255, 31.865959328028293, 33.07336497890295, 35.461499326238204, 38.06846846846847, 147.1578947368421, 160.76705653021443, 230.13888888888889, 39.958333333333336, 39.833333333333336, 229.98611111111111, 230.0, 64.20833333333333, 240.14358974358973], "velocity": [0.0003383511170597743, 0.0005428096133244318, 0.044513291153396695, 0.05447429563470296, 0.06860175719953918, 0.043729573844225, 0.057330001219800544, 0.057804813942106875, 0.061385965989961946, 0.05821235919078957, 0.03566992912982701, 0.055614961838660416, 0.052509857628903214, 0.056943235402431305, 0.039363645210934065, 0.05072205855570394, 0.04161927726268716, 0.044586207739812284, 0.00040860965009879065, 0.00017827240439083429, 0.04531723706786374, 0.04247563409552588, 0.050654951566269, 0.05051789710445103, 0.05787608843160809, 0.05872464942249369, 0.05542827644208534, 0.0674997085198961, 0.04602703202310325, 0.021187436095236677, 0.05298958733269205, 0.0005227681688614802, 0.04641735560923865, 0.0006176171574453351, 0.032596218365497864, 0.035368552023078016, 0.05812562521639301, 0.045269813994598715, 0.00032070916362191503, 0.000489999999999993, 0.05412239185017062, 0.05312324576839563, 0.06384580925859203, 0.06751541579956583, 0.017292996914621488, 0.00015473684210526756, 9.546073538692045e-05, 0.0004607902195691078, 0.0010459724178113312, 0.0007916192266487659, 0.0002524308710430211, 0.0009660000000000645, 0.0006803268731570541, 0.012284454649777288], "pid": [23, 93, 880, 945, 945, 1585, 1585, 1872, 1875, 1880, 1880, 2192, 2192, 2192, 2283, 2807, 2884, 2884, 3123, 3123, 3400, 3400, 3646, 4333, 4347, 4442, 4529, 4529, 4577, 4635, 4635, 5539, 5585, 6777, 7051, 7051, 7262, 7262, 7573, 7573, 7615, 7729, 7729, 8236, 8236, 8286, 8455, 8691, 8765, 8765, 9079, 9079, 9092, 9126], "x_raw": [1023.0, 1022.8, 1101.0, 1023.0, 1100.8, 1023.0, 1101.0, 1022.4615384615385, 1100.0, 1100.0, 647.8421052631579, 654.25, 681.4117647058823, 687.5185185185185, 708.3709677419355, 728.3636363636364, 748.0, 743.5, 766.0, 798.1666666666666, 836.8, 637.8125, 672.1578947368421, 697.2857142857143, 633.5, 615.3333333333334, 506.5, 726.2857142857143, 659.8888888888889, 671.5, 557.0, 764.4615384615385, 698.483870967742, 712.0, 585.65, 429.25, 804.0, 741.3809523809524, 754.44, 632.0, 827.875, 470.8095238095238, 764.9285714285714, 775.0, 661.4545454545455, 853.0666666666667, 504.9117647058824, 680.5, 881.4117647058823, 526.0, 718.2162162162163, 915.0, 677.5, 566.3636363636364, 812.5, 945.0138888888889, 707.6666666666666, 597.4418604651163, 838.5, 91.84615384615384, 746.5, 625.0, 869.1176470588235, 92.06666666666666, 662.2941176470588, 769.2, 902.0, 889.1363636363636, 91.84615384615384, 702.4736842105264, 819.1739130434783, 930.4285714285714, 916.5833333333334, 91.83333333333333, 1238.5, 962.5625, 950.76, 91.93333333333334, 1265.04, 996.2857142857143, 981.2678571428571, 91.84615384615384, 1307.3636363636363, 1006.2777777777778, 1341.0, 1039.0, 924.7181818181818, 816.0, 1399.6666666666667, 1351.2380952380952, 953.2916666666666, 698.875, 852.0, 958.7727272727273, 1380.030303030303, 1100.0, 993.45, 894.6323529411765, 739.5, 995.875, 1431.1176470588234, 1107.7777777777778, 1030.911111111111, 924.1818181818181, 774.1904761904761, 1021.2727272727273, 1465.0, 1116.3333333333333, 1075.1492537313434, 765.6666666666666, 940.3076923076923, 1058.8947368421052, 1501.111111111111, 1141.0, 805.4, 1099.9714285714285, 1187.142857142857, 857.4634146341464, 1213.0, 92.06666666666666, 798.5714285714286, 91.78571428571429, 822.188679245283, 92.0, 861.7166666666667, 91.94117647058823, 899.7021276595744, 92.0, 903.6923076923077, 347.5, 347.0769230769231, 347.0, 601.2, 347.5, 619.0, 346.8, 1299.6060606060605, 645.2, 1335.7931034482758, 665.952380952381, 1378.6835443037974, 690.8571428571429, 1101.0, 1422.9733333333334, 1297.3823529411766, 714.0, 1101.0, 1466.9367088607594, 1209.5, 1343.5, 1100.8333333333333, 1484.5625, 1243.6206896551723, 1371.0, 1101.0, 1281.7692307692307, 1409.9666666666667, 1101.0, 1461.0, 1331.9583333333333, 1101.5, 1361.6835443037974, 1418.8, 1368.8823529411766, 877.0526315789474, 1462.7884615384614, 1415.0483870967741, 877.0526315789474, 1493.2451612903226, 1460.7391304347825, 876.8421052631579, 912.8888888888889, 1494.5, 876.9444444444445, 913.0, 1512.1351351351352, 877.0526315789474, 913.0, 1516.5, 913.0, 809.0, 1557.2888888888888, 912.8888888888889, 809.3333333333334, 240.71428571428572, 809.2, 241.5, 809.0, 240.875, 809.0, 241.2, 241.0, 241.2, 809.0, 1131.5, 809.0, 75.5, 1131.875, 809.125, 91.86666666666666, 1131.5, 809.7142857142857, 91.84615384615384, 1132.1666666666667, 808.8, 92.0, 1131.3846153846155, 809.2, 91.86666666666666],