{
    "1mA": {
        "Pressure (Pa)": [
            10.0,
            15.0,
            20.0,
            25.0,
            30.0,
            35.0,
            40.0,
            45.0,
            50.0,
            55.0,
            60.0,
            65.0,
            70.0,
            75.0,
            80.0,
            85.0,
            90.0,
            95.0,
            100.0,
            105.0,
            110.0,
            115.0,
            120.0
        ],
        "n": [
            265249999998176.8,
            284374999997128.1,
            303499999996079.44,
            322624999995030.7,
            341749999993982.0,
            360874999992933.25,
            379999999991884.56,
            399124999990835.9,
            418249999989787.1,
            437374999988738.4,
            456499999987689.7,
            475624999986641.06,
            494749999985592.3,
            513874999984543.56,
            532999999983494.8,
            552124999982446.1,
            571249999981397.5,
            590374999980348.8,
            609499999979300.0,
            628624999978251.2,
            647749999977202.5,
            666874999976153.9,
            685999999975105.2
        ],
        "T": [
            4.239020216815081,
            4.338932601486729,
            4.409821566557114,
            4.464807319683757,
            4.509733951228762,
            4.547718876965427,
            4.580622916299148,
            4.609646335900411,
            4.635608669425791,
            4.659094456876565,
            4.680535300970796,
            4.700258965570575,
            4.718520226707461,
            4.735521054097439,
            4.751424266041181,
            4.766363037379012,
            4.780447685642445,
            4.793770619975532,
            4.806410019167824,
            4.818432611379109,
            4.829895806618598,
            4.840849354809298,
            4.851336650712829
        ],
        "E": [
            1.8250851921800488,
            2.1323349313741686,
            2.350332090597186,
            2.5194238239501106,
            2.6575818297913054,
            2.7743927593297517,
            2.875578989014323,
            2.964831568985425,
            3.044670722367248,
            3.1168940217383287,
            3.182828728208442,
            3.243482778496105,
            3.2996396577468894,
            3.351920461561367,
            3.4008258874314596,
            3.4467654735249513,
            3.490078467402562,
            3.5310490448999765,
            3.569917620784385,
            3.6068893969410083,
            3.6421409201554655,
            3.6758251809796154,
            3.7080756266255794
        ]
    },
    "2mA": {
        "Pressure (Pa)": [
            10.0,
            15.0,
            20.0,
            25.0,
            30.0,
            35.0,
            40.0,
            45.0,
            50.0,
            55.0,
            60.0,
            65.0,
            70.0,
            75.0,
            80.0,
            85.0,
            90.0,
            95.0,
            100.0,
            105.0,
            110.0,
            115.0,
            120.0
        ],
        "n": [
            533749999999999.9,
            563624999999999.9,
            593499999999999.9,
            623375000000000.0,
            653250000000000.0,
            683125000000000.0,
            713000000000000.0,
            742875000000000.1,
            772750000000000.1,
            802625000000000.1,
            832500000000000.1,
            862375000000000.1,
            892250000000000.1,
            922125000000000.1,
            952000000000000.1,
            981875000000000.1,
            1011750000000000.4,
            1041625000000000.1,
            1071500000000000.4,
            1101375000000000.1,
            1131250000000000.2,
            1161125000000000.2,
            1191000000000000.2
        ],
        "T": [
            4.122774871610403,
            4.239210463293341,
            4.321822830307574,
            4.385901960442172,
            4.438258421990512,
            4.4825251794872525,
            4.520870789004744,
            4.5546940136734495,
            4.584949919139342,
            4.612319714855435,
            4.637306380687682,
            4.66029188509115,
            4.681573138184423,
            4.701385510822281,
            4.719918747701914,
            4.737328047714649,
            4.75374197237062,
            4.7692682131577255,
            4.783997877836513,
            4.7980087298673615,
            4.811367673552605,
            4.824132686306561,
            4.836354339384853
        ],
        "E": [
            3.6672722246443232,
            3.89300362949443,
            4.053162610048208,
            4.177391566656631,
            4.278894014898316,
            4.36471311207874,
            4.4390529954520925,
            4.504625419748423,
            4.563281952060516,
            4.61634323983477,
            4.6647844003022,
            4.709345948237747,
            4.750603497482626,
            4.789013356910623,
            4.824943380855977,
            4.858694450374591,
            4.890515805152308,
            4.92061622457095,
            4.9491723374644,
            4.976334902332733,
            5.002233625238656,
            5.026980905861631,
            5.050674785706086
        ]
    },
    "1.5mA": {
        "Pressure (Pa)": [
            10.0,
            15.0,
            20.0,
            25.0,
            30.0,
            35.0,
            40.0,
            45.0,
            50.0,
            55.0,
            60.0,
            65.0,
            70.0,
            75.0,
            80.0,
            85.0,
            90.0,
            95.0,
            100.0,
            105.0,
            110.0,
            115.0,
            120.0
        ],
        "n": [
            399499999998471.9,
            423999999997434.8,
            448499999996397.7,
            472999999995360.6,
            497499999994323.5,
            521999999993286.44,
            546499999992249.4,
            570999999991212.2,
            595499999990175.1,
            619999999989138.0,
            644499999988100.9,
            668999999987063.8,
            693499999986026.8,
            717999999984989.8,
            742499999983952.6,
            766999999982915.5,
            791499999981878.4,
            815999999980841.2,
            840499999979804.1,
            864999999978767.1,
            889499999977730.1,
            913999999976693.0,
            938499999975655.9
        ],
        "T": [
            4.194567321345755,
            4.298918423113751,
            4.372956708083109,
            4.43038526350359,
            4.477307809851105,
            4.516980257508349,
            4.551346094820463,
            4.581658911619101,
            4.608774650240944,
            4.633303819516921,
            4.655697196588459,
            4.676297106586137,
            4.695369644245703,
            4.71312575200894,
            4.729735481557817,
            4.745337924170772,
            4.760048298356455,
            4.773963118636336,
            4.787164036978298,
            4.7997207460136995,
            4.811693206254275,
            4.823133377817838,
            4.8340865833258135
        ],