{
    "1mA": {
        "Pressure (Pa)": [
            10.0,
            15.0,
            20.0,
            25.0,
            30.0,
            35.0,
            40.0,
            45.0,
            50.0,
            55.0,
            60.0,
            65.0,
            70.0,
            75.0,
            80.0,
            85.0,
            90.0,
            95.0,
            100.0,
            105.0,
            110.0,
            115.0,
            120.0
        ],
        "n": [
            5.210464366053057,
            4.798694808474088,
            4.506539657937016,
            4.279926517709077,
            4.094770100358047,
            3.9382225800815682,
            3.802614949820975,
            3.6830005427790775,
            3.576001809593035,
            3.479209681772435,
            3.3908453922420057,
            3.3095581256756246,
            3.234297871965526,
            3.1642322520140658,
            3.098690241704934,
            3.0371229867067884,
            2.9790758346630364,
            2.924167939170222,
            2.872077101476994,
            2.822528314386558,
            2.775284973656394,
            2.730142044606837,
            2.6869206841259645
        ],
        "T": [
            5.052314702318201,
            4.909947509729396,
            4.808936379069633,
            4.730586059129341,
            4.666569186480829,
            4.612443691872775,
            4.565558055821065,
            4.524201993892024,
            4.487207735880773,
            4.453742358829745,
            4.423190863232262,
            4.3950862116831875,
            4.369065368624208,
            4.344840543291969,
            4.322179732572498,
            4.300893172922434,
            4.280823670643457,
            4.261839550063411,
            4.243829412632206,
            4.226698176035404,
            4.2103640355811764,
            4.194756101590602,
            4.179812539983693
        ],
        "E": [
            1.2943099735066124,
            1.8758996327165969,
            2.288544062859325,
            2.608615949116716,
            2.8701337220693106,
            3.0912438485756986,
            3.2827781522120385,
            3.4517233812792942,
            3.602850038469429,
            3.7395607291877355,
            3.864367811422023,
            3.9791791975245183,
            4.085477937928413,
            4.184439697679414,
            4.277012241564751,
            4.3639707798874845,
            4.445957470632008,
            4.523510227118818,
            4.597084127822143,
            4.667067597138397,
            4.733794818540449,
            4.797555386164822,
            4.858601900774737
        ]
    },
    "2mA": {
        "Pressure (Pa)": [
            10.0,
            15.0,
            20.0,
            25.0,
            30.0,
            35.0,
            40.0,
            45.0,
            50.0,
            55.0,
            60.0,
            65.0,
            70.0,
            75.0,
            80.0,
            85.0,
            90.0,
            95.0,
            100.0,
            105.0,
            110.0,
            115.0,
            120.0
        ],
        "n": [
            8.389193957477,
            8.035429952613667,
            7.78443039668942,
            7.589740015707777,
            7.430666391826087,
            7.296171559206485,
            7.179666835901841,
            7.076902386962754,
            6.984976454920197,
            6.901819334276347,
            6.8259028310385075,
            6.756066417841785,
            6.691407998418905,
            6.631212450056864,
            6.574903275114261,
            6.522008935803107,
            6.472138826175174,
            6.424965749266908,
            6.380212894132617,
            6.337643993555572,
            6.2970557734887675,
            6.258272082276312,
            6.221139270250927
        ],
        "T": [
            5.414862309907184,
            5.230041519614242,
            5.0989090820249015,
            4.997194861299245,
            4.914088291731959,
            4.843822688354152,
            4.782955854142618,
            4.729267501439018,
            4.6812416334169615,
            4.637796951242982,
            4.598135063849677,
            4.561649664258984,
            4.5278694604718694,
            4.496420843124021,
            4.467002626260335,
            4.439368459247534,
            4.413314273556734,
            4.388669128107006,
            4.365288405534679,
            4.343048670178927,
            4.321843723360699,
            4.30158153624776,
            4.2821818359673935
        ],
        "E": [
            1.7361051783442394,
            2.3008239619198214,
            2.7014983153049563,
            3.0122854887040535,
            3.2662170988805386,
            3.480913216150821,
            3.6668914522656726,
            3.830935882456121,
            3.9776786256647707,
            4.110423583800873,
            4.231610235841255,
            4.343091149013782,
            4.446306353111539,
            4.542397409240353,
            4.632284589226389,
            4.716720615908552,
            4.796329019416838,
            4.871632109168563,
            4.943071762625488,
            5.01102513668712,
            5.0758167207615905,
            5.137727708377558,
            5.197003372801972
        ]
    },
    "1.5mA": {
        "Pressure (Pa)": [
            10.0,
            15.0,
            20.0,
            25.0,
            30.0,
            35.0,
            40.0,
            45.0,
            50.0,
            55.0,
            60.0,
            65.0,
            70.0,
            75.0,
            80.0,
            85.0,
            90.0,
            95.0,
            100.0,
            105.0,
            110.0,
            115.0,
            120.0
        ],
        "n": [
            6.799829156270825,
            6.417062373443789,
            6.145485019073737,
            5.934833257585163,
            5.762718236246701,
            5.617197059188133,
            5.49114088187665,
            5.3799514534196655,
            5.280489120388076,
            5.190514495778364,
            5.108374099049613,
            5.032812258851045,
            4.962852921991043,
            4.89772233756104,
            4.836796744679562,
            4.7795659472848016,
            4.725607316222578,
            4.674566829807899,
            4.626144983190987,
            4.580086139164009,
            4.536170358581277,
            4.494207048274215,
            4.454029961852526
        ],
        "T": [
            5.237096344929869,
            5.072521352175305,
            4.955753536541858,
            4.865181382227245,
            4.791178543787294,
            4.728610035404288,
            4.674410728153847,
            4.62660355103273,
            4.583838573839234,
            4.54515294630418,
            4.5098357353992835,
            4.477347050745525,
            4.447267227016277,
            4.419263581084671,
            4.393067919765836,
            4.368460878378871,
            4.345260742644719,
            4.323315296856961,
            4.302495765451224,
            4.282692234261713,
            4.2638101379161695,
            4.245767528683636,
            4.228492927011272
        ],