{
    "1mA": {
        "Pressure (Pa)": [
            10.0,
            15.0,
            20.0,
            25.0,
            30.0,
            35.0,
            40.0,
            45.0,
            50.0,
            55.0,
            60.0,
            65.0,
            70.0,
            75.0,
            80.0,
            85.0,
            90.0,
            95.0,
            100.0,
            105.0,
            110.0,
            115.0,
            120.0
        ],
        "n": [
            5.353037944528946,
            4.836358789997598,
            4.5003052256746425,
            4.255807733807246,
            4.065932459550116,
            3.9120197064684286,
            3.7834118371856014,
            3.673485671884615,
            3.577862511416342,
            3.4935069272765404,
            3.4182341475189584,
            3.350422955669441,
            3.2888395169990283,
            3.232524593661179,
            3.180718731718975,
            3.132811114841722,
            3.088303676703718,
            3.0467853433179743,
            3.007913174486054,
            2.9713983109696396,
            2.936995336792193,
            2.9044941122422387,
            2.8737134233059782
        ],
        "T": [
            4.13300279596882,
            4.34642250553421,
            4.504496835683791,
            4.631057223369436,
            4.737099728512105,
            4.828649555497433,
            4.909382534770095,
            4.981713753266074,
            5.047318774834811,
            5.107409699222974,
            5.162892887034549,
            5.214464572218322,
            5.262671649914902,
            5.307951869024789,
            5.350661295124853,
            5.391093607525029,
            5.429493989154017,
            5.466069336390114,
            5.500995903536843,
            5.53442512081948,
            5.566488087336914,
            5.59729908647509,
            5.6269583691800955
        ],
        "E": [
            1.243244117742814,
            1.597701448765648,
            1.9089266134976723,
            2.191506734599366,
            2.453174539453928,
            2.698641634581001,
            2.9310420726828763,
            3.1525912407906875,
            3.3649268632224665,
            3.5693020235862187,
            3.7667020491684653,
            3.9579191288538906,
            4.143602019125105,
            4.324290336576625,
            4.500438922634156,
            4.672435593503327,
            4.840614353318767,
            5.0052654167827555,
            5.166642938428441,
            5.324971061261799,
            5.480448712522542,
            5.63325345100475,
            5.783544586423169
        ]
    },
    "2mA": {
        "Pressure (Pa)": [
            10.0,
            15.0,
            20.0,
            25.0,
            30.0,
            35.0,
            40.0,
            45.0,
            50.0,
            55.0,
            60.0,
            65.0,
            70.0,
            75.0,
            80.0,
            85.0,
            90.0,
            95.0,
            100.0,
            105.0,
            110.0,
            115.0,
            120.0
        ],
        "n": [
            8.388583763807803,
            8.014296567672876,
            7.758907949996596,
            7.566431164444527,
            7.412716032094711,
            7.2851906039700625,
            7.1764977583288365,
            7.081970726627588,
            6.998468939202897,
            6.92378085767495,
            6.856292190897723,
            6.794789705724074,
            6.738339257963796,
            6.686206775499758,
            6.6378052694028185,
            6.592658240398841,
            6.550373760293886,
            6.510625705410702,
            6.473139902883577,
            6.43768372677025,
            6.40405816443359,
            6.372091682960672,
            6.341635428017498
        ],
        "T": [
            5.374318457903643,
            5.184401377615086,
            5.053737261114499,
            4.954658462035247,
            4.875148844240011,
            4.808920684910021,
            4.752278917676857,
            4.70287136538898,
            4.659110226127341,
            4.619874358006148,
            4.584343402907584,
            4.551899455123097,
            4.5220657914927305,
            4.494467096432006,
            4.468802738355147,
            4.444828282425229,
            4.422342375067502,
            4.401177233158693,
            4.381191613011314,
            4.362265523101478,
            4.344296187061138,
            4.327194918848292,
            4.310884673934199
        ],
        "E": [
            0.9637361054015077,
            1.3425282803649778,
            1.6985113689414224,
            2.0384416638837055,
            2.3661036818531183,
            2.683903169544659,
            2.993496719956707,
            3.2960901738138206,
            3.5925979338377987,
            3.8837355747987594,
            4.170077245417056,
            4.4520930815706405,
            4.7301745997264675,
            5.004652517556791,
            5.275809615555543,
            5.543890243822703,
            5.809107495195983,
            6.071648715502334,
            6.331679803691434,
            6.589348614838082,
            6.844787686987932,
            7.098116450816495,
            7.349443038407221
        ]
    }
}