{
    "1mA": {
        "Pressure (Pa)": [
            10.0,
            15.0,
            20.0,
            25.0,
            30.0,
            35.0,
            40.0,
            45.0,
            50.0,
            55.0,
            60.0,
            65.0,
            70.0,
            75.0,
            80.0,
            85.0,
            90.0,
            95.0,
            100.0,
            105.0,
            110.0,
            115.0,
            120.0
        ],
        "n": [
            4.777499999986411,
            4.631249999975186,
            4.484999999963962,
            4.3387499999527375,
            4.1924999999415125,
            4.046249999930288,
            3.899999999919064,
            3.75374999990784,
            3.6074999998966155,
            3.461249999885391,
            3.314999999874167,
            3.1687499998629427,
            3.022499999851718,
            2.8762499998404936,
            2.7299999998292694,
            2.5837499998180453,
            2.4374999998068207,
            2.291249999795596,
            2.144999999784372,
            1.998749999773148,
            1.8524999997619234,
            1.7062499997506988,
            1.5599999997394747
        ],
        "T": [
            5.055761925389563,
            4.906379313240712,
            4.803075188474053,
            4.724446533053297,
            4.661158712067521,
            4.608311500988348,
            4.563017722468701,
            4.523435442197497,
            4.488318923449321,
            4.456787077045487,
            4.4281942247005865,
            4.4020533686968815,
            4.377988314679445,
            4.355702551310652,
            4.334958317023217,
            4.31556210283565,
            4.297354357208753,
            4.280202013410104,
            4.263992960372024,
            4.248631881355388,
            4.234037074128951,
            4.220137987802683,
            4.206873291163654
        ],
        "E": [
            1.5712175253298122,
            1.8966532906800877,
            2.1676624599583105,
            2.404267730260532,
            2.616635870899304,
            2.8107603570716226,
            2.990521977105749,
            3.158602138180057,
            3.3169442286362987,
            3.4670094171114134,
            3.6099287700715674,
            3.746598808198662,
            3.877744240845484,
            4.003960676880055,
            4.125744603117074,
            4.2435149790998805,
            4.357629144595851,
            4.46839476817013,
            4.576078977149285,
            4.680915440573082,
            4.783109939037133,
            4.8828447982802325,
            4.9802824573033275
        ]
    },
    "2mA": {
        "Pressure (Pa)": [
            10.0,
            15.0,
            20.0,
            25.0,
            30.0,
            35.0,
            40.0,
            45.0,
            50.0,
            55.0,
            60.0,
            65.0,
            70.0,
            75.0,
            80.0,
            85.0,
            90.0,
            95.0,
            100.0,
            105.0,
            110.0,
            115.0,
            120.0
        ],
        "n": [
            8.17083333332716,
            8.019583333315925,
            7.868333333304689,
            7.717083333293455,
            7.565833333282219,
            7.4145833332709845,
            7.26333333325975,
            7.112083333248515,
            6.9608333332372805,
            6.809583333226045,
            6.65833333321481,
            6.507083333203576,
            6.35583333319234,
            6.204583333181105,
            6.053333333169871,
            5.902083333158636,
            5.750833333147401,
            5.599583333136166,
            5.448333333124931,
            5.297083333113696,
            5.145833333102461,
            4.994583333091226,
            4.8433333330799915
        ],
        "T": [
            5.443171191438705,
            5.239914984990233,
            5.100322215781104,
            4.9946117573272835,
            4.90986850620918,
            4.83934184616336,
            4.77906826551869,
            4.726526624862044,
            4.680016190775856,
            4.638336781240723,
            4.600610662065865,
            4.566177024064112,
            4.534526264132119,
            4.505257340907108,
            4.478049134978034,
            4.452640643446155,
            4.428816934176381,
            4.406398963724769,
            4.385236052390315,
            4.365200227145057,
            4.346181903454666,
            4.328086543676063,
            4.310832039014362
        ],
        "E": [
            3.3148770244083887,
            3.477632667280914,
            3.5979332024130355,
            3.69410405658643,
            3.774586492130667,
            3.843999882616889,
            3.905159447456865,
            3.959913201562465,
            4.009542296892021,
            4.0549728886925855,
            4.096897099173821,
            4.1358462995523775,
            4.172237674550675,
            4.2064049947689375,
            4.238619633025335,
            4.269105325230437,
            4.298048790850112,
            4.325607536568709,
            4.351915697096446,
            4.377088478951074,
            4.401225591080733,
            4.424413928271519,
            4.446729695083599
        ]
    },
    "1.5mA": {
        "Pressure (Pa)": [
            10.0,
            15.0,
            20.0,
            25.0,
            30.0,
            35.0,
            40.0,
            45.0,
            50.0,
            55.0,
            60.0,
            65.0,
            70.0,
            75.0,
            80.0,
            85.0,
            90.0,
            95.0,
            100.0,
            105.0,
            110.0,
            115.0,
            120.0
        ],
        "n": [
            6.474166666666666,
            6.3254166666666665,
            6.176666666666667,
            6.027916666666666,
            5.879166666666666,
            5.730416666666667,
            5.581666666666667,
            5.432916666666666,
            5.284166666666667,
            5.135416666666667,
            4.986666666666666,
            4.837916666666667,
            4.689166666666667,
            4.540416666666667,
            4.3916666666666675,
            4.242916666666667,
            4.094166666666666,
            3.945416666666667,
            3.796666666666667,
            3.647916666666667,
            3.499166666666667,
            3.3504166666666673,
            3.201666666666667
        ],
        "T": [
            5.25906007064322,
            5.07989713817304,
            4.956492961512169,
            4.862841482967389,
            4.7876377284812,
            4.724961941721166,
            4.671333308142833,
            4.624534968003576,
            4.58306983748321,
            4.545880440005244,
            4.512192746371282,
            4.48142357170179,
            4.453122857121024,
            4.426936189879012,
            4.40257961530671,
            4.379822207698748,
            4.358473702768177,
            4.338375527357956,
            4.319394166727198,
            4.301416175886215,
            4.284344369925797,
            4.268094874672377,
            4.252594815035108
        ],