{
    "1mA": {
        "Pressure (Pa)": [
            10.0,
            15.0,
            20.0,
            25.0,
            30.0,
            35.0,
            40.0,
            45.0,
            50.0,
            55.0,
            60.0,
            65.0,
            70.0,
            75.0,
            80.0,
            85.0,
            90.0,
            95.0,
            100.0,
            105.0,
            110.0,
            115.0,
            120.0
        ],
        "n": [
            273583333331529.4,
            290208333330475.1,
            306833333329420.94,
            323458333328366.75,
            340083333327312.5,
            356708333326258.3,
            373333333325204.1,
            389958333324149.94,
            406583333323095.7,
            423208333322041.44,
            439833333320987.3,
            456458333319933.0,
            473083333318878.8,
            489708333317824.6,
            506333333316770.44,
            522958333315716.2,
            539583333314662.0,
            556208333313607.8,
            572833333312553.5,
            589458333311499.4,
            606083333310445.1,
            622708333309390.9,
            639333333308336.8
        ],
        "T": [
            4.239020216815081,
            4.338932601486729,
            4.409821566557114,
            4.464807319683757,
            4.509733951228762,
            4.547718876965427,
            4.580622916299148,
            4.609646335900411,
            4.635608669425791,
            4.659094456876565,
            4.680535300970796,
            4.700258965570575,
            4.718520226707461,
            4.735521054097439,
            4.751424266041181,
            4.766363037379012,
            4.780447685642445,
            4.793770619975532,
            4.806410019167824,
            4.818432611379109,
            4.829895806618598,
            4.840849354809298,
            4.851336650712829
        ],
        "E": [
            1.9911539318786036,
            2.164495251175301,
            2.29655949027587,
            2.4045206215595627,
            2.4964881073025724,
            2.576984443448746,
            2.648808516476725,
            2.7138216520376397,
            2.7733288544882426,
            2.8282829628116444,
            2.879402422582824,
            2.9272432931236527,
            2.9722453825113506,
            3.014762967031732,
            3.055085917289617,
            3.093454631609179,
            3.1300708449110304,
            3.165105615242232,
            3.198705332852785,
            3.230996314636394,
            3.2620883676745502,
            3.292077588998725,
            3.3210485909881324
        ]
    },
    "2mA": {
        "Pressure (Pa)": [
            10.0,
            15.0,
            20.0,
            25.0,
            30.0,
            35.0,
            40.0,
            45.0,
            50.0,
            55.0,
            60.0,
            65.0,
            70.0,
            75.0,
            80.0,
            85.0,
            90.0,
            95.0,
            100.0,
            105.0,
            110.0,
            115.0,
            120.0
        ],
        "n": [
            544583332163055.2,
            570208332322638.6,
            595833332482222.0,
            621458332641805.4,
            647083332801388.8,
            672708332960972.1,
            698333333120555.5,
            723958333280138.9,
            749583333439722.2,
            775208333599305.6,
            800833333758889.0,
            826458333918472.5,
            852083334078055.9,
            877708334237639.1,
            903333334397222.6,
            928958334556806.0,
            954583334716389.2,
            980208334875972.6,
            1005833335035556.1,
            1031458335195139.5,
            1057083335354722.9,
            1082708335514306.4,
            1108333335673889.8
        ],
        "T": [
            4.122774871610403,
            4.239210463293341,
            4.321822830307574,
            4.385901960442172,
            4.438258421990512,
            4.4825251794872525,
            4.520870789004744,
            4.5546940136734495,
            4.584949919139342,
            4.612319714855435,
            4.637306380687682,
            4.66029188509115,
            4.681573138184423,
            4.701385510822281,
            4.719918747701914,
            4.737328047714649,
            4.75374197237062,
            4.7692682131577255,
            4.783997877836513,
            4.7980087298673615,
            4.811367673552605,
            4.824132686306561,
            4.836354339384853
        ],
        "E": [
            3.358038769888107,
            3.456460909579045,
            3.5280370589740455,
            3.5845749825293174,
            3.631441748451384,
            3.671544772108124,
            3.7066413887499503,
            3.7378771685098284,
            3.7660415038793804,
            3.7917020154338426,
            3.8152808660005104,
            3.83710076597959,
            3.8574140762858113,
            3.876421963539479,
            3.8942874338144073,
            3.9111444555212302,
            3.9271045023804354,
            3.9422613466929297,
            3.95669463690067,
            3.9704726122581757,
            3.9836541933322933,
            3.99629061329547,
            4.008426706191036
        ]
    },
    "1.5mA": {
        "Pressure (Pa)": [
            10.0,
            15.0,
            20.0,
            25.0,
            30.0,
            35.0,
            40.0,
            45.0,
            50.0,
            55.0,
            60.0,
            65.0,
            70.0,
            75.0,
            80.0,
            85.0,
            90.0,
            95.0,
            100.0,
            105.0,
            110.0,
            115.0,
            120.0
        ],
        "n": [
            409083333331826.56,
            430208333330782.0,
            451333333329737.5,
            472458333328692.9,
            493583333327648.3,
            514708333326603.8,
            535833333325559.2,
            556958333324514.7,
            578083333323470.1,
            599208333322425.6,
            620333333321381.1,
            641458333320336.6,
            662583333319292.0,
            683708333318247.4,
            704833333317202.9,
            725958333316158.2,
            747083333315113.8,
            768208333314069.2,
            789333333313024.8,
            810458333311980.1,
            831583333310935.5,
            852708333309891.0,
            873833333308846.4
        ],
        "T": [
            4.194567321345755,
            4.298918423113751,
            4.372956708083109,
            4.43038526350359,
            4.477307809851105,
            4.516980257508349,
            4.551346094820463,
            4.581658911619101,
            4.608774650240944,
            4.633303819516921,
            4.655697196588459,
            4.676297106586137,
            4.695369644245703,
            4.71312575200894,
            4.729735481557817,
            4.745337924170772,
            4.760048298356455,
            4.773963118636336,
            4.787164036978298,
            4.7997207460136995,
            4.811693206254275,
            4.823133377817838,
            4.8340865833258135
        ],