{
    "1mA": {
        "Pressure (Pa)": [
            10.0,
            15.0,
            20.0,
            25.0,
            30.0,
            35.0,
            40.0,
            45.0,
            50.0,
            55.0,
            60.0,
            65.0,
            70.0,
            75.0,
            80.0,
            85.0,
            90.0,
            95.0,
            100.0,
            105.0,
            110.0,
            115.0,
            120.0
        ],
        "n": [
            273583333331529.4,
            290208333330475.1,
            306833333329420.94,
            323458333328366.75,
            340083333327312.5,
            356708333326258.3,
            373333333325204.1,
            389958333324149.94,
            406583333323095.7,
            423208333322041.44,
            439833333320987.3,
            456458333319933.0,
            473083333318878.8,
            489708333317824.6,
            506333333316770.44,
            522958333315716.2,
            539583333314662.0,
            556208333313607.8,
            572833333312553.5,
            589458333311499.4,
            606083333310445.1,
            622708333309390.9,
            639333333308336.8
        ],
        "T": [
            4.239020216815081,
            4.338932601486729,
            4.409821566557114,
            4.464807319683757,
            4.509733951228762,
            4.547718876965427,
            4.580622916299148,
            4.609646335900411,
            4.635608669425791,
            4.659094456876565,
            4.680535300970796,
            4.700258965570575,
            4.718520226707461,
            4.735521054097439,
            4.751424266041181,
            4.766363037379012,
            4.780447685642445,
            4.793770619975532,
            4.806410019167824,
            4.818432611379109,
            4.829895806618598,
            4.840849354809298,
            4.851336650712829
        ],
        "E": [
            1.7514078105231106,
            2.0854585991939114,
            2.3224714056407025,
            2.5063128208764374,
            2.6565221943115036,
            2.7835224099668014,
            2.8935350007582947,
            2.990572982982304,
            3.0773764159940296,
            3.1558996726080046,
            3.227585789429096,
            3.2935306243631004,
            3.3545860050843945,
            3.4114272046648297,
            3.464598595875887,
            3.5145454404395053,
            3.561636578099896,
            3.606180973031546,
            3.6484400111116226,
            3.6886367937551947,
            3.7269632677255977,
            3.7635857687686043,
            3.798649384546688
        ]
    },
    "2mA": {
        "Pressure (Pa)": [
            10.0,
            15.0,
            20.0,
            25.0,
            30.0,
            35.0,
            40.0,
            45.0,
            50.0,
            55.0,
            60.0,
            65.0,
            70.0,
            75.0,
            80.0,
            85.0,
            90.0,
            95.0,
            100.0,
            105.0,
            110.0,
            115.0,
            120.0
        ],
        "n": [
            550416666665467.25,
            575291666664431.0,
            600166666663394.9,
            625041666662358.6,
            649916666661322.4,
            674791666660286.2,
            699666666659250.0,
            724541666658213.9,
            749416666657177.8,
            774291666656141.5,
            799166666655105.2,
            824041666654069.1,
            848916666653032.9,
            873791666651996.9,
            898666666650960.6,
            923541666649924.4,
            948416666648888.2,
            973291666647852.0,
            998166666646815.8,
            1023041666645779.5,
            1047916666644743.4,
            1072791666643707.1,
            1097666666642670.9
        ],
        "T": [
            4.122774871610403,
            4.239210463293341,
            4.321822830307574,
            4.385901960442172,
            4.438258421990512,
            4.4825251794872525,
            4.520870789004744,
            4.5546940136734495,
            4.584949919139342,
            4.612319714855435,
            4.637306380687682,
            4.66029188509115,
            4.681573138184423,
            4.701385510822281,
            4.719918747701914,
            4.737328047714649,
            4.75374197237062,
            4.7692682131577255,
            4.783997877836513,
            4.7980087298673615,
            4.811367673552605,
            4.824132686306561,
            4.836354339384853
        ],
        "E": [
            2.804361104209938,
            3.0177053978178776,
            3.16907558307811,
            3.286487420437978,
            3.3824198766860496,
            3.463529612738003,
            3.5337900619462825,
            3.5957641702939886,
            3.65120189930615,
            3.701351425313145,
            3.7471343555542216,
            3.78925056872668,
            3.8282440916061753,
            3.8645461929140894,
            3.898504540814454,
            3.9304035053814017,
            3.9604786491621606,
            3.9889272946771133,
            4.015916378174323,
            4.041588385214114,
            4.066065904181317,
            4.089455166772989,
            4.111848834422394
        ]
    },
    "1.5mA": {
        "Pressure (Pa)": [
            10.0,
            15.0,
            20.0,
            25.0,
            30.0,
            35.0,
            40.0,
            45.0,
            50.0,
            55.0,
            60.0,
            65.0,
            70.0,
            75.0,
            80.0,
            85.0,
            90.0,
            95.0,
            100.0,
            105.0,
            110.0,
            115.0,
            120.0
        ],
        "n": [
            411999999998498.56,
            432749999997453.4,
            453499999996408.25,
            474249999995363.1,
            494999999994318.06,
            515749999993272.94,
            536499999992227.75,
            557249999991182.7,
            577999999990137.6,
            598749999989092.5,
            619499999988047.2,
            640249999987002.2,
            660999999985957.1,
            681749999984912.0,
            702499999983866.8,
            723249999982821.8,
            743999999981776.6,
            764749999980731.5,
            785499999979686.4,
            806249999978641.2,
            826999999977596.2,
            847749999976551.0,
            868499999975505.9
        ],
        "T": [
            4.194567321345755,
            4.298918423113751,
            4.372956708083109,
            4.43038526350359,
            4.477307809851105,
            4.516980257508349,
            4.551346094820463,
            4.581658911619101,
            4.608774650240944,
            4.633303819516921,
            4.655697196588459,
            4.676297106586137,
            4.695369644245703,
            4.71312575200894,
            4.729735481557817,
            4.745337924170772,
            4.760048298356455,
            4.773963118636336,
            4.787164036978298,
            4.7997207460136995,
            4.811693206254275,
            4.823133377817838,
            4.8340865833258135
        ],