{
    "1mA": {
        "Pressure (Pa)": [
            10.0,
            15.0,
            20.0,
            25.0,
            30.0,
            35.0,
            40.0,
            45.0,
            50.0,
            55.0,
            60.0,
            65.0,
            70.0,
            75.0,
            80.0,
            85.0,
            90.0,
            95.0,
            100.0,
            105.0,
            110.0,
            115.0,
            120.0
        ],
        "n": [
            219416666664744.03,
            242291666663703.47,
            265166666662662.9,
            288041666661622.3,
            310916666660581.75,
            333791666659541.2,
            356666666658500.6,
            379541666657460.0,
            402416666656419.5,
            425291666655378.9,
            448166666654338.3,
            471041666653297.7,
            493916666652257.06,
            516791666651216.56,
            539666666650176.0,
            562541666649135.44,
            585416666648094.8,
            608291666647054.1,
            631166666646013.8,
            654041666644973.1,
            676916666643932.5,
            699791666642891.9,
            722666666641851.2
        ],
        "T": [
            4.239020216815081,
            4.338932601486729,
            4.409821566557114,
            4.464807319683757,
            4.509733951228762,
            4.547718876965427,
            4.580622916299148,
            4.609646335900411,
            4.635608669425791,
            4.659094456876565,
            4.680535300970796,
            4.700258965570575,
            4.718520226707461,
            4.735521054097439,
            4.751424266041181,
            4.766363037379012,
            4.780447685642445,
            4.793770619975532,
            4.806410019167824,
            4.818432611379109,
            4.829895806618598,
            4.840849354809298,
            4.851336650712829
        ],
        "E": [
            1.561780317905183,
            1.9438549089171568,
            2.214941145378642,
            2.425211966222226,
            2.597015736390616,
            2.7422737543345566,
            2.8681019728521013,
            2.9790903274025906,
            3.078372793695685,
            3.1681847090487087,
            3.250176563864075,
            3.3256017587484132,
            3.3954345818080167,
            3.460447384707659,
            3.5212628003255597,
            3.578390102089812,
            3.63225115487605,
            3.6831993401598098,
            3.731533621169145,
            3.7775091728199905,
            3.821345536522169,
            3.863232960777382,
            3.9033373913375344
        ]
    },
    "2mA": {
        "Pressure (Pa)": [
            10.0,
            15.0,
            20.0,
            25.0,
            30.0,
            35.0,
            40.0,
            45.0,
            50.0,
            55.0,
            60.0,
            65.0,
            70.0,
            75.0,
            80.0,
            85.0,
            90.0,
            95.0,
            100.0,
            105.0,
            110.0,
            115.0,
            120.0
        ],
        "n": [
            550416666665467.25,
            575291666664431.0,
            600166666663394.9,
            625041666662358.6,
            649916666661322.4,
            674791666660286.2,
            699666666659250.0,
            724541666658213.9,
            749416666657177.8,
            774291666656141.5,
            799166666655105.2,
            824041666654069.1,
            848916666653032.9,
            873791666651996.9,
            898666666650960.6,
            923541666649924.4,
            948416666648888.2,
            973291666647852.0,
            998166666646815.8,
            1023041666645779.5,
            1047916666644743.4,
            1072791666643707.1,
            1097666666642670.9
        ],
        "T": [
            4.122774871610403,
            4.239210463293341,
            4.321822830307574,
            4.385901960442172,
            4.438258421990512,
            4.4825251794872525,
            4.520870789004744,
            4.5546940136734495,
            4.584949919139342,
            4.612319714855435,
            4.637306380687682,
            4.66029188509115,
            4.681573138184423,
            4.701385510822281,
            4.719918747701914,
            4.737328047714649,
            4.75374197237062,
            4.7692682131577255,
            4.783997877836513,
            4.7980087298673615,
            4.811367673552605,
            4.824132686306561,
            4.836354339384853
        ],
        "E": [
            2.804361104209938,
            3.0177053978178776,
            3.16907558307811,
            3.286487420437978,
            3.3824198766860496,
            3.463529612738003,
            3.5337900619462825,
            3.5957641702939886,
            3.65120189930615,
            3.701351425313145,
            3.7471343555542216,
            3.78925056872668,
            3.8282440916061753,
            3.8645461929140894,
            3.898504540814454,
            3.9304035053814017,
            3.9604786491621606,
            3.9889272946771133,
            4.015916378174323,
            4.041588385214114,
            4.066065904181317,
            4.089455166772989,
            4.111848834422394
        ]
    },
    "1.5mA": {
        "Pressure (Pa)": [
            10.0,
            15.0,
            20.0,
            25.0,
            30.0,
            35.0,
            40.0,
            45.0,
            50.0,
            55.0,
            60.0,
            65.0,
            70.0,
            75.0,
            80.0,
            85.0,
            90.0,
            95.0,
            100.0,
            105.0,
            110.0,
            115.0,
            120.0
        ],
        "n": [
            384916666665106.56,
            408791666664068.3,
            432666666663030.06,
            456541666661991.75,
            480416666660953.5,
            504291666659915.25,
            528166666658877.06,
            552041666657838.8,
            575916666656800.6,
            599791666655762.4,
            623666666654724.0,
            647541666653685.9,
            671416666652647.5,
            695291666651609.2,
            719166666650571.1,
            743041666649532.9,
            766916666648494.6,
            790791666647456.4,
            814666666646418.1,
            838541666645379.9,
            862416666644341.5,
            886291666643303.4,
            910166666642265.2
        ],
        "T": [
            4.194567321345755,
            4.298918423113751,
            4.372956708083109,
            4.43038526350359,
            4.477307809851105,
            4.516980257508349,
            4.551346094820463,
            4.581658911619101,
            4.608774650240944,
            4.633303819516921,
            4.655697196588459,
            4.676297106586137,
            4.695369644245703,
            4.71312575200894,
            4.729735481557817,
            4.745337924170772,
            4.760048298356455,
            4.773963118636336,
            4.787164036978298,
            4.7997207460136995,
            4.811693206254275,
            4.823133377817838,
            4.8340865833258135
        ],