{
    "1mA": {
        "Pressure (Pa)": [
            10.0,
            15.0,
            20.0,
            25.0,
            30.0,
            35.0,
            40.0,
            45.0,
            50.0,
            55.0,
            60.0,
            65.0,
            70.0,
            75.0,
            80.0,
            85.0,
            90.0,
            95.0,
            100.0,
            105.0,
            110.0,
            115.0,
            120.0
        ],
        "n": [
            535303794452894.6,
            483635878999759.75,
            450030522567464.25,
            425580773380724.6,
            406593245955011.6,
            391201970646842.9,
            378341183718560.1,
            367348567188461.5,
            357786251141634.2,
            349350692727654.06,
            341823414751895.8,
            335042295566944.06,
            328883951699902.8,
            323252459366117.9,
            318071873171897.5,
            313281111484172.2,
            308830367670371.8,
            304678534331797.44,
            300791317448605.4,
            297139831096963.94,
            293699533679219.3,
            290449411224223.9,
            287371342330597.8
        ],
        "T": [
            5.052314702318201,
            4.909947509729396,
            4.808936379069633,
            4.730586059129341,
            4.666569186480829,
            4.612443691872775,
            4.565558055821065,
            4.524201993892024,
            4.487207735880773,
            4.453742358829745,
            4.423190863232262,
            4.3950862116831875,
            4.369065368624208,
            4.344840543291969,
            4.322179732572498,
            4.300893172922434,
            4.280823670643457,
            4.261839550063411,
            4.243829412632206,
            4.226698176035404,
            4.2103640355811764,
            4.194756101590602,
            4.179812539983693
        ],
        "E": [
            1.490852641350175,
            1.944538299026512,
            2.266433395872084,
            2.5161146306066255,
            2.7201190535484217,
            2.892602335488498,
            3.0420141503939933,
            3.1738047112247587,
            3.291695385128535,
            3.3983404718279306,
            3.4956998080703308,
            3.5852617154869755,
            3.668183090010408,
            3.7453810428048717,
            3.817594904915903,
            3.8854294013254718,
            3.9493854657466683,
            4.00988271285922,
            4.067276139650445,
            4.121868747686745,
            4.17392122634984,
            4.223659481833568,
            4.27128056259224
        ]
    },
    "2mA": {
        "Pressure (Pa)": [
            10.0,
            15.0,
            20.0,
            25.0,
            30.0,
            35.0,
            40.0,
            45.0,
            50.0,
            55.0,
            60.0,
            65.0,
            70.0,
            75.0,
            80.0,
            85.0,
            90.0,
            95.0,
            100.0,
            105.0,
            110.0,
            115.0,
            120.0
        ],
        "n": [
            838858376380780.4,
            801429656767287.6,
            775890794999659.6,
            756643116444452.8,
            741271603209471.1,
            728519060397006.2,
            717649775832883.6,
            708197072662758.9,
            699846893920289.6,
            692378085767495.0,
            685629219089772.4,
            679478970572407.4,
            673833925796379.6,
            668620677549975.8,
            663780526940281.9,
            659265824039884.1,
            655037376029388.6,
            651062570541070.2,
            647313990288357.8,
            643768372677025.0,
            640405816443359.0,
            637209168296067.2,
            634163542801749.8
        ],
        "T": [
            5.414862309907184,
            5.230041519614242,
            5.0989090820249015,
            4.997194861299245,
            4.914088291731959,
            4.843822688354152,
            4.782955854142618,
            4.729267501439018,
            4.6812416334169615,
            4.637796951242982,
            4.598135063849677,
            4.561649664258984,
            4.5278694604718694,
            4.496420843124021,
            4.467002626260335,
            4.439368459247534,
            4.413314273556734,
            4.388669128107006,
            4.365288405534679,
            4.343048670178927,
            4.321843723360699,
            4.30158153624776,
            4.2821818359673935
        ],
        "E": [
            3.2824803570191725,
            3.4660413484550077,
            3.5962799445304006,
            3.69730084791433,
            3.7798409359662357,
            3.8496275860472364,
            3.910079532041628,
            3.963401927402071,
            4.011100435425558,
            4.054248984459628,
            4.093640523477464,
            4.129877226670784,
            4.163427173558464,
            4.194661426861393,
            4.223879119552857,
            4.251324923059773,
            4.277201514913299,
            4.301678671004138,
            4.324900022936786,
            4.346988164994299,
            4.368048571970856,
            4.388172645400119,
            4.407440110988691
        ]
    },
    "1.5mA": {
        "Pressure (Pa)": [
            10.0,
            15.0,
            20.0,
            25.0,
            30.0,
            35.0,
            40.0,
            45.0,
            50.0,
            55.0,
            60.0,
            65.0,
            70.0,
            75.0,
            80.0,
            85.0,
            90.0,
            95.0,
            100.0,
            105.0,
            110.0,
            115.0,
            120.0
        ],
        "n": [
            684369288631091.9,
            641400950101375.6,
            612560675478534.5,
            591086504883861.8,
            574100863048024.5,
            560121079858624.6,
            548286703357587.2,
            538055761896580.06,
            529065746685019.8,
            521062756804193.4,
            513862352246895.7,
            507326520618714.3,
            501349421617481.56,
            495848189314041.3,
            490756787225831.6,
            486021779388071.9,
            481599344721841.4,
            477453121772106.3,
            473552622167165.0,
            469872042331764.3,
            466389359629401.7,
            463085635250894.5,
            459944469783220.0
        ],
        "T": [
            5.237096344929869,
            5.072521352175305,
            4.955753536541858,
            4.865181382227245,
            4.791178543787294,
            4.728610035404288,
            4.674410728153847,
            4.62660355103273,
            4.583838573839234,
            4.54515294630418,
            4.5098357353992835,
            4.477347050745525,
            4.447267227016277,
            4.419263581084671,
            4.393067919765836,
            4.368460878378871,
            4.345260742644719,
            4.323315296856961,
            4.302495765451224,
            4.282692234261713,
            4.2638101379161695,
            4.245767528683636,
            4.228492927011272
        ],