{
    "1mA": {
        "Pressure (Pa)": [
            12,
            15,
            18,
            20,
            23,
            30,
            40,
            50,
            60,
            70,
            80,
            90,
            100,
            110,
            120
        ],
        "n": [
            169897000000000.0,
            191450000000000.03,
            222240000000000.03,
            253030000000000.03,
            283820000000000.06,
            314610000000000.0,
            376190000000000.0,
            406980000000000.06,
            468560000000000.06
        ],
        "T": [
            8.226507968750019,
            7.9923437500000105,
            7.81,
            7.75015624999999,
            7.749999999999984,
            7.746718749999978,
            7.479531249999982,
            7.089999999999993,
            5.485000000000031
        ],
        "E": [
            -194.20148571428575,
            -193.65428571428572,
            -192.87257142857146,
            -192.09085714285715,
            -191.30914285714286,
            -190.52742857142857,
            -188.96399999999997,
            -188.1822857142857,
            -186.6188571428571
        ]
    },
    "1.5mA": {
        "Pressure (Pa)": [
            12,
            15,
            18,
            20,
            23,
            30,
            40,
            50,
            60,
            70,
            80,
            90,
            100,
            110,
            120
        ],
        "n": [
            136773149999999.89,
            143839499999999.9,
            154439024999999.88,
            214502999999999.88,
            249834749999999.84,
            285166499999999.9,
            320498249999999.8,
            391161749999999.75,
            426493499999999.75,
            497156999999999.8
        ],
        "T": [
            8.023819583333358,
            7.950000000000022,
            7.853491718750019,
            7.560000000000004,
            7.513906249999997,
            7.493333333333325,
            7.442968749999991,
            7.031614583333327,
            6.56,
            4.808333333333355
        ],
        "E": [
            -231.20749841269844,
            -231.01955555555557,
            -230.73764126984133,
            -229.14012698412705,
            -228.20041269841272,
            -227.26069841269847,
            -226.32098412698414,
            -224.44155555555562,
            -223.5018412698413,
            -221.62241269841277
        ]
    }
}