{
    "1mA": {
        "Pressure (Pa)": [
            12,
            15,
            18,
            20,
            23,
            30,
            40,
            50,
            60,
            70,
            80,
            90,
            100,
            110,
            120
        ],
        "n": [
            135917600000000.0,
            153160000000000.03,
            177792000000000.03,
            202424000000000.03,
            227056000000000.03,
            251688000000000.0,
            300952000000000.0,
            325584000000000.06,
            374848000000000.06
        ],
        "T": [
            8.226507968750019,
            7.9923437500000105,
            7.81,
            7.75015624999999,
            7.749999999999984,
            7.746718749999978,
            7.479531249999982,
            7.089999999999993,
            5.485000000000031
        ],
        "E": [
            -204.99045714285717,
            -204.41285714285715,
            -203.58771428571433,
            -202.76257142857145,
            -201.93742857142857,
            -201.11228571428572,
            -199.46199999999996,
            -198.63685714285714,
            -196.9865714285714
        ]
    },
    "1.5mA": {
        "Pressure (Pa)": [
            12,
            15,
            18,
            20,
            23,
            30,
            40,
            50,
            60,
            70,
            80,
            90,
            100,
            110,
            120
        ],
        "n": [
            136773149999999.89,
            143839499999999.9,
            154439024999999.88,
            214502999999999.88,
            249834749999999.84,
            285166499999999.9,
            320498249999999.8,
            391161749999999.75,
            426493499999999.75,
            497156999999999.8
        ],
        "T": [
            8.023819583333358,
            7.950000000000022,
            7.853491718750019,
            7.560000000000004,
            7.513906249999997,
            7.493333333333325,
            7.442968749999991,
            7.031614583333327,
            6.56,
            4.808333333333355
        ],
        "E": [
            -252.2263619047619,
            -252.02133333333333,
            -251.7137904761905,
            -249.97104761904765,
            -248.94590476190476,
            -247.92076190476192,
            -246.89561904761905,
            -244.84533333333337,
            -243.82019047619048,
            -241.7699047619048
        ]
    }
}