{
    "1mA": {
        "Pressure (Pa)": [
            12,
            15,
            18,
            20,
            23,
            30,
            40,
            50,
            60,
            70,
            80,
            90,
            100,
            110,
            120
        ],
        "n": [
            155986541370807.6,
            175774871512982.1,
            204043914573231.34,
            232312957633480.6,
            260582000693729.84,
            288851043753979.06,
            345389129874477.56,
            373658172934726.9,
            430196259055225.4
        ],
        "T": [
            7.192447547453797,
            6.987717439946731,
            6.82829404152992,
            6.775972566299719,
            6.775835956703812,
            6.772967155189879,
            6.539364746198682,
            6.198797023616784,
            4.795543254518799
        ],
        "E": [
            -208.65465857895964,
            -208.06673398737135,
            -207.22684171367385,
            -206.38694943997632,
            -205.54705716627876,
            -204.70716489258123,
            -203.02738034518615,
            -202.18748807148864,
            -200.50770352409359
        ]
    },
    "1.5mA": {
        "Pressure (Pa)": [
            12,
            15,
            18,
            20,
            23,
            30,
            40,
            50,
            60,
            70,
            80,
            90,
            100,
            110,
            120
        ],
        "n": [
            132865345714285.64,
            139729799999999.94,
            150026481428571.34,
            208374342857142.78,
            242696614285714.2,
            277018885714285.66,
            311341157142857.06,
            379985699999999.9,
            414307971428571.3,
            482952514285714.2
        ],
        "T": [
            6.601839547669389,
            6.541102259202089,
            6.461697160269244,
            6.220217997429896,
            6.182292974504092,
            6.1653659868705395,
            6.123927007018282,
            5.785472960613817,
            5.397437839039695,
            3.956201261592884
        ],
        "E": [
            -233.72746403809478,
            -233.53747276321985,
            -233.25248585090748,
            -231.63756001447052,
            -230.68760364009577,
            -229.7376472657211,
            -228.7876908913464,
            -226.88777814259706,
            -225.9378217682223,
            -224.03790901947298
        ]
    }
}