{
    "pos": {
        "E_multiplier": 2.2075485892503073,
        "ne_multiplier": 0.5141274989392852,
        "Te_multiplier": 0.8800000000000001,
        "z_multiplier": 1.1384999999999998,
        "error": 48.73909317173626
    },
    "neg": {
        "E_multiplier": 3.0524723269287306,
        "ne_multiplier": 0.6210257699422993,
        "Te_multiplier": 0.8800000000000001,
        "z_multiplier": 1.1384999999999998,
        "error": 93.63155717134084
    }
}