{"pressure": 23, "current": "1p5mA", "polarity": "neg", "alpha": 0.02, "epsilon": 4, "iterations": 40, "framerate": 0.01, "pixelsize": 1.47e-05, "x": [22.244444444444444, 22.2989898989899, 22.2, 21.807407407407407, 48.5, 75.04444444444444, 117.94444444444444], "y": [180.96296296296296, 180.93265993265993, 181.0, 129.23280423280423, 133.02857142857144, 137.42222222222222, 145.98888888888888], "velocity": [0.0002551348227462865, 0.0001643555440807275, 0.0, 0.012654202398798463, 0.012993438197806257, 0.013113960794110441, 0.013437460587205349], "pid": [5, 5, 5, 799, 799, 799, 940], "x_raw": [22.2, 22.333333333333332, 22.2, 22.333333333333332, 22.363636363636363, 22.2, 22.2, 22.2, 22.2, 22.2, 13.2, 22.0, 30.22222222222222, 39.5, 49.0, 57.0, 65.8, 76.0, 83.33333333333333, 91.71428571428571, 109.33333333333333, 118.0, 126.5, 135.0, 146.22222222222223], "y_raw": [181.0, 180.88888888888889, 181.0, 180.88888888888889, 180.9090909090909, 181.0, 181.0, 181.0, 181.0, 181.0, 128.0, 129.14285714285714, 130.55555555555554, 131.8, 133.0, 134.28571428571428, 135.6, 138.0, 138.66666666666666, 140.0, 142.66666666666666, 146.5, 148.8, 150.5, 152.55555555555554], "pid_raw": [5.0, 5.0, 5.0, 5.0, 5.0, 5.0, 5.0, 5.0, 5.0, 5.0, 799.0, 799.0, 799.0, 799.0, 799.0, 799.0, 799.0, 799.0, 799.0, 799.0, 940.0, 940.0, 940.0, 940.0, 940.0], "frame_number_raw": [260, 261, 262, 263, 264, 265, 266, 267, 268, 269, 335, 336, 337, 338, 339, 340, 341, 342, 343, 344, 346, 347, 348, 349, 350], "frame": [262, 265, 268, 337, 340, 343, 348], "x_1frame": [371.2, 1189.0, 1164.3846153846155, 532.578947368421, 519.7368421052631, 1489.5, 1521.6410256410256, 1532.2222222222222, 1541.75, 1429.25, 1450.0, 1146.8, 1588.0, 1597.111111111111, 1483.0, 1528.3076923076924, 1535.3181818181818, 1553.6, 1542.1875, 1585.5, 1597.25, 1501.3703703703704, 1520.3333333333333, 968.0, 1329.75, 1008.0625, 1268.909090909091, 913.0], "y_1frame": [9.0, 30.0, 32.61538461538461, 42.578947368421055, 43.89473684210526, 47.8, 69.48717948717949, 70.5, 71.4, 79.42857142857143, 80.0, 80.6, 85.5, 85.33333333333333, 92.0, 105.53846153846153, 105.86363636363636, 105.76, 106.3125, 109.5, 109.33333333333333, 115.37037037037037, 116.66666666666667, 118.5, 119.58333333333333, 127.3125, 143.36363636363637, 161.0]}